Player,Offense,Defense,GP,Name,Squad,Viable
"Thedentist",1,1,152868,SL Kylo,"zzzzzzSL Kylo, zSith Trooper, zHux zzKRU Thrawn",1
"Thedentist",1,1,170855,GL Rey,"zzzzzzRey zzzJTR zzR2-D2 zRH Poe, zRH Finn",1
"Thedentist",,,518832,Executor,"Executor 5* HT RC Xanadu Blood, Slave I, IG-2000 Imperial TIE Fighter, Tie Adv",1
"Thedentist",1,0,141790,CLS,"zzzCLS zHan zChewbacca C-3PO Chewpio",1
"Thedentist",,,152287,JMLS,"zzzzzzJMLS zzJKL zHYoda Old Ben, Ezra",1
"Thedentist",,,428983,HansMF,"Home One, Han's MF, Rebel Y-wing, Bistan's U-wing, Phantom Ghost Cassian's U-wing, Wedge X-wing",1
"Thedentist",0,1,118322,Grievous,"zzGG zB2 zB1 Droideka IG-88",1
"Thedentist",,,118190,Mon Mothma,"Mon Mothma, zzCaptain Drogan, Biggs Wedge Cara Dune",1
"Thedentist",0,1,138139,BH,"zzBossk Dengar zGreef Boba zThe Mandalorian",1
"Thedentist",1,1,123355,zEP,"zzEP zzVader Tarkin TFP zMara Jade, The Emperor's Hand",1
"Thedentist",1,0,114418,Troopers,"zVeers Starck Range Trooper, Scout Trooper, zzPiett",1
"Thedentist",0,1,116890,Phoenix,"zHera zKanan Zeb Sabine zCaptain Rex",1
"Thedentist",0,1,115249,padme,"zzPadme zGK JKA zAhsoka Fives",1
"Thedentist",1,0,18039,SionSolo (Counter),"Sion",1
"Thedentist",,,125898,Phasma,"zPhasma zFOTP FOSFTP zFOST zKylo",0
"Thedentist",,,270313,Malevolence,"Malevolence 6* Hyena Bomber 4*, Vulture Droid, Sun Fac SF, Soldier SF, Spy SF",0
"Thedentist",0,1,89945,Geonosians Omicron,"zGBA Sun Fac, Geo Soldier, Geo Spy, Poggle",0
"Thedentist",1,1,64467,NS_Alt,"AV Talia G6, Zombie G8, Merrin G7, Daka G7",0
"Thedentist",1,1,84944,Ewoks,"Chirpa Elder Paploo Scout G7, Wicket",0
"Thedentist",0,1,78652,BH,"Jango Boushh (Leia Organa), Greedo G8, Cad Nest G7",0
"Marl Jewel",,,168724,JMK,"zzzzzzJMK zJKA zGMY zShaak Ti, zGK",1
"Marl Jewel",,,123780,Phasma,"zPhasma zFOTP FOSFTP zFOST zKylo",1
"Marl Jewel",1,1,156653,SL Kylo,"zzzzzzSL Kylo, zSith Trooper, zHux zzKRU Thrawn",1
"Marl Jewel",1,1,160768,GL Rey,"zzzzzzRey zJTR zBB-8 zRH Poe, zRH Finn",1
"Marl Jewel",,,561104,Executor,"Executor 5* HT RC Xanadu Blood, Slave I, IG-2000 Imperial TIE Fighter, Tie Adv",1
"Marl Jewel",1,0,141142,CLS,"zzzCLS zHan zChewbacca zC-3PO zChewpio",1
"Marl Jewel",,,124472,Grievous Omicron,"zzGG zB2 zB1 MagnaGuard zDroideka",1
"Marl Jewel",0,1,93225,Geonosians Omicron,"zzGBA Sun Fac, Geo Soldier, Geo Spy, Poggle",1
"Marl Jewel",,,134216,JKL,"zzJKL zzzJKR zHYoda Old Ben, Ezra",1
"Marl Jewel",,,457120,HansMF,"Home One, Han's MF, Rebel Y-wing, Bistan's U-wing, Phantom Ghost Cassian's U-wing, Wedge X-wing",1
"Marl Jewel",1,0,117765,Traya,"zzTraya DN Sion zBSF zzEP",1
"Marl Jewel",1,0,112707,Troopers,"zVeers zzPiett zGideon zDark Trooper, Range Trooper",1
"Marl Jewel",,,120314,Disintegration,"Aurra zzGreef Boba zzBossk zThe Mandalorian",1
"Marl Jewel",,,94993,Mon Mothma,"Mon Mothma, Bistan Biggs Wedge Cara Dune",1
"Marl Jewel",1,1,115861,GAS,"zzzzGAS zRex Echo (501st), zzFives ARC Trooper",1
"Marl Jewel",1,1,87251,Ewoks,"zChirpa Elder Paploo Wicket Logray",1
"Marl Jewel",0,1,107321,Phoenix,"Hera Kanan Zeb zSabine zCaptain Rex",1
"Marl Jewel",,,450466,Negotiator,"Negotiator BTL-B Y-wing 3*, Anakin's Eta-2, Rex's ARC-170, Umbaran SF, Ahsoka's SF, Plo's SF, Clone Sergeant's ARC-170",0
"Marl Jewel",,,285795,Malevolence,"Malevolence Hyena Bomber 4*, Vulture Droid 5*, Sun Fac SF, Soldier SF, Spy SF",0
"Marl Jewel",1,1,74269,NS,"MT G9, AV Daka Zombie Spirit G7",0
"Marl Jewel",,,104045,Nute-Wat,"Nute Dooku zWat Tambor, zJango Nest 6*",0
"Marl Jewel",1,1,84511,Carth,"Carth Onasi, Mission G7, Zaalbar Juhani G9, Canderous",0
"Marl Jewel",,,68615,Iden Troopers,"zIden Versio, Stormtrooper G7, Snowtrooper G7, Magma G9, DT 6*",0
"Marl Jewel",,,49857,Bad Batch,"Hunter 5* G9, Echo 5* G8, Omega 6* G8, Tech 5* G9, Wrecker 6* G8",0
"MINI Snowball",1,1,117610,NS,"zzMT zAV zDaka Zombie Spirit",1
"MINI Snowball",1,0,145412,CLS,"zzzCLS zHan zzChewbacca zzC-3PO zChewpio",1
"MINI Snowball",0,1,121156,DRMalak,"zzzDR HK-47 zBSF zzMalak Sith Empire Trooper",1
"MINI Snowball",,,128798,Grievous Omicron,"zzGG zB2 zB1 MagnaGuard zDroideka",1
"MINI Snowball",,,299980,Malevolence,"Malevolence 6* Hyena Bomber, Vulture Droid, Sun Fac SF, Soldier SF, Spy SF",1
"MINI Snowball",0,1,99562,Geonosians Omicron,"zzGBA Sun Fac, Geo Soldier, Geo Spy, Poggle",1
"MINI Snowball",1,1,122927,Revan,"zzzJKR BS zGMY zJolee zGK",1
"MINI Snowball",1,1,80731,Ewoks,"zChirpa G9, Elder Paploo G9, zWicket zLogray G9",1
"MINI Snowball",0,1,109264,BH,"zzBossk Jango Cad IG-88 Boba",1
"MINI Snowball",1,1,94604,zEP,"zEP zzVader Tarkin TFP Traya",1
"MINI Snowball",,,143244,JMLS,"zzzzzzJMLS zzJKL zHYoda Old Ben, Ezra G8",0
"MINI Snowball",,,399659,Negotiator,"Negotiator 6* HT Anakin's Eta-2, Umbaran SF 6*, Ahsoka's SF, BTL-B Y-wing, Clone Sergeant's ARC-170, Plo's SF",0
"MINI Snowball",,,317357,HansMF,"Home One, Han's MF, Rebel Y-wing, Bistan's U-wing, Phantom 4* Biggs X-wing, Cassian's U-wing, Wedge X-wing",0
"MINI Snowball",1,1,102057,JTR,"zzJTR Scav Rey G7, BB-8 R2-D2 Finn",0
"MINI Snowball",,,101021,Mon Mothma,"zzMon Mothma, Lando Biggs Wedge Cassian G7",0
"MINI Snowball",1,1,81471,Carth,"zCarth Onasi, Mission Zaalbar Juhani G7, Canderous",0
"MINI Snowball",1,0,9928,SionSolo (Counter),"Sion 6* G8",0
"Zephyr",0,1,131061,padme,"zzPadme zGK JKA zAhsoka zzzCAT",1
"Zephyr",1,0,137921,CLS,"zzzCLS zHan zzChewbacca zzC-3PO zChewpio",1
"Zephyr",0,1,121386,DRMalak,"zzzDR HK-47 zBSF zzMalak Sith Empire Trooper",1
"Zephyr",,,128325,Grievous Omicron,"zzGG zB2 zB1 zMagnaGuard zDroideka",1
"Zephyr",,,420137,Negotiator,"Negotiator BTL-B Y-wing, Anakin's Eta-2, Rex's ARC-170, Umbaran SF, Ahsoka's SF, Plo's SF, Clone Sergeant's ARC-170",1
"Zephyr",,,315925,Malevolence,"Malevolence Hyena Bomber, Vulture Droid, Sun Fac SF, Soldier SF, Spy SF",1
"Zephyr",0,1,103091,Geonosians Omicron,"zzGBA Sun Fac, Geo Soldier, Geo Spy, Poggle",1
"Zephyr",,,130862,JKL,"zJKL zzzJKR zHYoda zzOld Ben, zBarriss",1
"Zephyr",1,0,101896,Traya,"zzTraya zDN zSion zEP Thrawn",1
"Zephyr",1,0,102525,Troopers,"zVeers zzPiett zGideon zDark Trooper, Range Trooper",1
"Zephyr",,,91126,Disintegration,"Aurra Greef G9, Boba zBossk The Mandalorian G9",1
"Zephyr",,,97416,Nute-OR,"zNute Dooku G8, Jango zZaalbar zMission",1
"Zephyr",1,1,128773,GAS,"zzzzGAS zRex zEcho (501st), zzFives zARC Trooper",1
"Zephyr",1,1,82877,Ewoks,"zChirpa Elder Paploo Wicket Logray",1
"Zephyr",0,1,71132,Phoenix,"Hera G9, Ezra Kanan G9, Zeb G9, Chopper G9",1
"Zephyr",,,106857,Phasma,"Phasma FOTP FOSFTP FOST Kylo",0
"Zephyr",,,350620,HansMF,"Home One, Han's MF, Rebel Y-wing, Bistan's U-wing, Phantom Ghost Cassian's U-wing, Wedge X-wing",0
"Zephyr",1,1,60822,NS,"MT 5* G7, zAV Daka G7, Zombie Spirit G5",0
"Zephyr",1,1,76049,JTR,"zzJTR Scav Rey G8, BB-8 G7, R2-D2 G8, Finn G8",0
"Zephyr",,,66633,Iden Troopers,"zIden Versio G8, Stormtrooper G9, Snowtrooper G6, Magma G8, DT G9",0
"Zephyr",1,0,55945,Jawas,"Nebit G7, Jawa Engineer G7, Jawa Scavenger G7, Jawa G7, Dathcha G7",0
"MasterJediBerlin",,,151243,Jabba,"zzzzzJabba zBoushh (Leia Organa), zSkiff Guard (Lando Calrissian), zKrrsantan zBoba",1
"MasterJediBerlin",,,182559,JMLS,"zzzJKR zzJKL zzzzzJMLS zzHYoda zzzzGAS",1
"MasterJediBerlin",1,0,154187,CLS,"zzzCLS zHan zzChewbacca zzC-3PO zChewpio",1
"MasterJediBerlin",0,1,145678,DRMalak,"zzzDR zzHK-47 zBSF zzMalak Sith Empire Trooper",1
"MasterJediBerlin",0,1,105328,padme,"zzPadme zGK JKA zAhsoka CW Chewbacca G8",1
"MasterJediBerlin",0,1,127722,Grievous,"zzGG zB2 zB1 zDroideka zIG-88",1
"MasterJediBerlin",1,1,92376,Ewoks,"zChirpa Elder zPaploo zWicket zLogray",1
"MasterJediBerlin",1,0,117670,ShaakClones,"zzShaak Ti, zRex zEcho (501st), zzFives zARC Trooper",1
"MasterJediBerlin",1,1,91212,Carth,"zCarth Onasi, zMission zZaalbar Juhani G8, zCanderous",1
"MasterJediBerlin",0,1,134611,BH,"zzBossk zzAurra zFennec Shand, zDengar zGreedo",1
"MasterJediBerlin",0,1,70523,Phoenix,"Hera G9, Ezra Kanan G8, Zeb G8, Chopper G8",1
"MasterJediBerlin",0,1,73398,FO,"zzKRU Kylo G8, Phasma G8, FOTP G8, FOO G9",1
"MasterJediBerlin",1,0,11979,NestSolo (Counter),"Nest G8",1
"MasterJediBerlin",,,301325,Malevolence,"Malevolence Hyena Bomber, Vulture Droid 5*, Sun Fac SF, Soldier SF, Spy SF",0
"MasterJediBerlin",0,1,101155,Geonosians Omicron,"zzGBA Sun Fac, Geo Soldier, Geo Spy, Poggle",0
"MasterJediBerlin",,,396138,Negotiator,"Negotiator HT Anakin's Eta-2, Umbaran SF, Ahsoka's SF, Clone Sergeant's ARC-170, Jedi Consular's Starfighter, Plo's SF",0
"MasterJediBerlin",,,344281,HansMF,"Home One, Han's MF, Biggs X-wing, Bistan's U-wing 3*, Phantom Ghost Cassian's U-wing 4*, Wedge X-wing",0
"MasterJediBerlin",1,1,84037,NS,"zMT G9, zzAV Daka Zombie G8, Spirit G9",0
"MasterJediBerlin",,,98597,Mon Mothma,"Mon Mothma, Lando Biggs Wedge Cara Dune G9",0
"MasterJediBerlin",1,1,92782,zEP,"EP zzzVader Tarkin G8, TFP G8, DN",0
"MasterJediBerlin",1,1,43240,Rogue1,"Jyn 5* G8, Chirrut G8, Baze 5* G8, K-2SO G8, Cassian G8",0
"NutellaLlama",1,0,126643,CLS,"zzzCLS zHan zChewbacca zC-3PO Chewpio",1
"NutellaLlama",1,1,109361,JTR,"zJTR zR2-D2 zBB-8 RH Finn, RH Poe",1
"NutellaLlama",1,0,113602,Traya,"zzTraya DN zSion zzEP zThrawn",1
"NutellaLlama",0,1,100673,Grievous,"zzGG B2 zB1 MagnaGuard IG-88",1
"NutellaLlama",1,1,108486,Revan,"zzzJKR BS GMY Jolee zGK",1
"NutellaLlama",1,1,74107,Ewoks,"zChirpa Elder Paploo G9, Wicket Logray",1
"NutellaLlama",0,1,129249,BH,"zBossk Dengar Greef Boba The Mandalorian",1
"NutellaLlama",1,0,88968,501st,"Rex ARC Trooper, Echo (501st), Fives zAhsoka",1
"NutellaLlama",0,1,117448,FO,"zKRU Kylo zHux FOE FOO",1
"NutellaLlama",0,1,107299,Phoenix,"Hera Ezra Kanan Zeb zCaptain Rex",1
"NutellaLlama",,,500261,Executor,"Executor 4* HT RC Xanadu Blood, Slave I, IG-2000 Imperial TIE Fighter, Tie Adv",0
"NutellaLlama",0,1,106847,DRMalak,"zDR HK-47 BSF zzMalak Sith Marauder",0
"NutellaLlama",0,1,86525,Geonosians Omicron,"GBA Sun Fac, Geo Soldier, Geo Spy, Poggle",0
"NutellaLlama",,,478697,Raddus,"Raddus 5* Sun Fac SF 2*, Rey's Millennium Falcon, Poe Dameron's X-wing, Resistance X-wing, Biggs X-wing, Wedge X-wing, Phantom Ghost",0
"Shayna Vetacious",,,174281,SEE,"zzzzzzSEE zBSF zzMalak zzzDR zzzVader",1
"Shayna Vetacious",1,0,143892,CLS,"zzzCLS zHan zzChewbacca zzC-3PO zChewpio",1
"Shayna Vetacious",,,130843,Grievous Omicron,"zzGG zB2 zB1 zMagnaGuard zDroideka",1
"Shayna Vetacious",0,1,126188,padme,"zzPadme zGK zJKA zAhsoka CW Chewbacca",1
"Shayna Vetacious",,,464189,Negotiator,"Negotiator HT Anakin's Eta-2, Umbaran SF, Ahsoka's SF, BTL-B Y-wing, Clone Sergeant's ARC-170, Plo's SF",1
"Shayna Vetacious",,,341058,Malevolence,"Malevolence Hyena Bomber, Vulture Droid, Sun Fac SF, Soldier SF, Spy SF",1
"Shayna Vetacious",0,1,124202,Geonosians Omicron,"zzGBA Sun Fac, Geo Soldier, Geo Spy, Poggle",1
"Shayna Vetacious",,,435349,HansMF,"Home One, Han's MF, Rebel Y-wing, Bistan's U-wing, Phantom Ghost Cassian's U-wing, Wedge X-wing",1
"Shayna Vetacious",1,0,131562,Traya,"zzTraya zDN zSion Sith Empire Trooper, zThrawn",1
"Shayna Vetacious",1,0,131290,Troopers,"zVeers zzPiett zGideon zDark Trooper, Range Trooper",1
"Shayna Vetacious",,,473626,Executrix,"Executrix Tie Adv, Emperor's Shuttle, TIE Reaper, Imperial TIE Fighter, Gauntlet Starfighter, FOSF TIE Fighter, FO TIE Fighter",1
"Shayna Vetacious",,,129376,Disintegration,"Aurra zzGreef zBoba zzBossk zThe Mandalorian",1
"Shayna Vetacious",1,1,137080,Revan Offense,"zzzJKR zGMY BS zJolee zHYoda",1
"Shayna Vetacious",1,1,88530,Ewoks,"zChirpa Elder Paploo Wicket Logray",1
"Shayna Vetacious",1,0,133171,ShaakClones,"zzShaak Ti, zRex zEcho (501st), zzFives zARC Trooper",1
"Shayna Vetacious",1,1,86297,Carth,"Carth Onasi, Mission Zaalbar Juhani Canderous",1
"Shayna Vetacious",,,105166,Iden Troopers,"zIden Versio, Shoretrooper Snowtrooper Magma DT",1
"Shayna Vetacious",0,1,84634,Phoenix,"Hera Ezra Kanan Zeb Sabine",1
"Shayna Vetacious",1,0,132473,zMaul,"zDarth Maul, Dooku zSidious zSavage Sith Marauder",1
"Shayna Vetacious",,,110367,Bad Batch,"zHunter zEcho zzOmega zTech zWrecker",1
"Shayna Vetacious",1,0,123077,EP (Counter, Rebel),"zzEP Krennic zWampa Stormtrooper zStarck",1
"Shayna Vetacious",1,0,12790,NestSolo (Counter),"Nest G9",1
"Shayna Vetacious",,,81303,Phasma,"Phasma FOTP FOSFTP FOST Kylo",0
"Shayna Vetacious",1,1,105056,JTR,"JTR R2-D2 BB-8 zRH Finn, zRH Poe",0
"Shayna Vetacious",1,1,79762,NS,"MT AV Daka Zombie Spirit G8",0
"Shayna Vetacious",0,1,101399,BH,"Jango Dengar zZam Greedo Cad",0
"Shayna Vetacious",1,1,77141,Rogue1,"Jyn Chirrut G7, Baze G7, K-2SO Cassian",0
"Shayna Vetacious",1,0,49563,Jawas,"Nebit G7, Jawa Engineer G3, Jawa Scavenger G5, Jawa G3, Dathcha G6",0
"Obi Shinobi",,,118978,Phasma,"zPhasma FOTP FOSFTP FOST Kylo",1
"Obi Shinobi",,,150614,Jabba,"zzzzzzJabba zBoushh (Leia Organa), zSkiff Guard (Lando Calrissian), Krrsantan Boba",1
"Obi Shinobi",,,554955,Executor,"Executor HT RC Xanadu Blood, Slave I, IG-2000 Imperial TIE Fighter, Tie Adv",1
"Obi Shinobi",1,0,143318,CLS,"zzzCLS zHan zChewbacca C-3PO Chewpio",1
"Obi Shinobi",0,1,116981,DRMalak,"zzzDR HK-47 zBSF zzMalak Sith Empire Trooper",1
"Obi Shinobi",,,270069,Malevolence,"Malevolence 6* Hyena Bomber, Vulture Droid, Sun Fac SF, Soldier SF, Spy SF",1
"Obi Shinobi",0,1,90577,Geonosians Omicron,"zGBA Sun Fac, Geo Soldier, Geo Spy, Poggle",1
"Obi Shinobi",,,358368,HansMF,"Home One, Han's MF, Rebel Y-wing, Ghost Phantom Biggs X-wing, Cassian's U-wing, Wedge X-wing",1
"Obi Shinobi",1,0,112478,Traya,"zzTraya DN Sion Dooku G8, zEP",1
"Obi Shinobi",,,95487,Mon Mothma,"Mon Mothma, Hoth Rebel Scout, Biggs Wedge Cara Dune",1
"Obi Shinobi",1,1,123615,Revan,"zzzJKR BS zGMY zJolee zGK",1
"Obi Shinobi",1,1,77261,Ewoks,"zChirpa G9, Elder Paploo Wicket Logray G9",1
"Obi Shinobi",1,1,80090,Carth,"Carth Onasi, Mission Zaalbar Juhani Canderous G8",1
"Obi Shinobi",0,1,127210,BH,"zzBossk Aurra Fennec Shand, Dengar Greedo",1
"Obi Shinobi",1,0,108981,Troopers,"zVeers Starck zIden Versio, zzPiett Dark Trooper",1
"Obi Shinobi",0,1,66451,Phoenix,"Hera G9, Ezra G8, Kanan G9, Zeb G9, Chopper G9",1
"Obi Shinobi",1,1,141232,SL Kylo,"zzzzzzSL Kylo, Sith Trooper, zHux zKRU Thrawn G7",0
"Obi Shinobi",,,381799,Negotiator,"Negotiator BTL-B Y-wing, Anakin's Eta-2, Rex's ARC-170 6*, Umbaran SF, Ahsoka's SF, Plo's SF, Clone Sergeant's ARC-170",0
"Obi Shinobi",,,46421,Grievous Omicron,"GG B2 G1, B1 G1, MagnaGuard G6, Droideka G1",0
"Obi Shinobi",1,1,94649,JTR,"JTR Scav Rey G8, BB-8 R2-D2 Finn G9",0
"Obi Shinobi",1,1,52112,NS,"MT G8, AV G8, Daka G8, Zombie G8, Spirit 6* G8",0
"Obi Shinobi",1,0,58737,ShaakClones,"Shaak Ti G7, Rex G8, Echo (501st) G8, Fives Clone Sergeant G8",0
"Obi Shinobi",0,1,98218,BH,"Jango Embo Greef Cad IG-88",0
"Obi Shinobi",1,1,61576,Rogue1,"Jyn G8, Chirrut G8, Baze 6* G8, K-2SO G8, Cassian G8",0
"Obi Shinobi",1,0,103889,QGJ,"zQGJ Aayla G1, zJKA zHYoda zAhsoka",0
"Mitsuki",,,125135,Phasma,"zPhasma zFOTP FOSFTP zFOST zKylo",1
"Mitsuki",1,1,154779,SL Kylo,"zzzzzzSL Kylo, zSith Trooper, zHux zzKRU zThrawn",1
"Mitsuki",1,1,165742,GL Rey,"zzzzzzRey zzJTR zzBB-8 zRH Poe, zRH Finn",1
"Mitsuki",,,146011,SK,"zzEP zzMara Jade, The Emperor's Hand, zzStarkiller zzOld Ben, zVisas",1
"Mitsuki",1,1,112737,NS,"zMT zAV zDaka Zombie Spirit",1
"Mitsuki",0,1,146505,padme,"zzPadme zGK zJKA zAhsoka zzzCAT",1
"Mitsuki",1,0,145290,CLS,"zzzCLS zHan zzChewbacca zzC-3PO zChewpio",1
"Mitsuki",0,1,110965,Geonosians Omicron,"zzGBA Sun Fac, Geo Soldier, Geo Spy, Poggle",1
"Mitsuki",,,426475,HansMF,"Home One, Han's MF, Rebel Y-wing, Bistan's U-wing, Phantom Ghost Cassian's U-wing, Wedge X-wing",1
"Mitsuki",,,478817,Negotiator,"Negotiator HT Anakin's Eta-2, Umbaran SF, Ahsoka's SF, Clone Sergeant's ARC-170, Plo's SF, Rex's ARC-170",1
"Mitsuki",1,0,130136,Traya,"zzTraya zDN zSion Dooku zNest",1
"Mitsuki",,,122533,Mon Mothma,"zzMon Mothma, zPao Hoth Rebel Scout, Wedge zCara Dune",1
"Mitsuki",1,1,108902,Ewoks,"zChirpa Elder Paploo Wicket zLogray",1
"Mitsuki",0,1,118440,BH,"zBossk Jango Dengar Greef Boba",1
"Mitsuki",0,1,101210,Phoenix,"Hera Ezra Kanan Zeb Sabine",1
"Mitsuki",,,139111,JMLS,"BS 5* G8, zzzzzzJMLS zzHYoda zzJKL zBarriss",0
"Mitsuki",,,102265,Grievous Omicron,"GG B2 B1 MagnaGuard Droideka",0
"Mitsuki",1,0,90085,Troopers,"Veers zPiett Gideon Dark Trooper G9, Range Trooper 5*",0
"Mitsuki",1,0,87252,ShaakClones,"Shaak Ti, Rex Echo (501st) G9, Fives ARC Trooper",0
"Mitsuki",1,1,53077,Rogue1,"Jyn G8, Chirrut G8, Baze 5* G8, K-2SO G8, Cassian G9",0
"Mitsuki",1,0,59371,Jawas,"Nebit G7, Jawa Engineer G9, Jawa Scavenger, Jawa 6* G9, Dathcha G9",0
"Toebbenator",1,0,109732,CLS,"zzzCLS zHan zChewbacca zR2-D2 zChewpio",1
"Toebbenator",0,1,89820,Geonosians Omicron,"zGBA Sun Fac, Geo Soldier, Geo Spy, Poggle",1
"Toebbenator",,,378024,Negotiator,"Negotiator HT Anakin's Eta-2, Umbaran SF, Ahsoka's SF, Clone Sergeant's ARC-170, Jedi Consular's Starfighter, Plo's SF",1
"Toebbenator",1,0,112205,Traya,"zzTraya DN Sion zzEP Thrawn",1
"Toebbenator",,,106647,Disintegration,"Aurra Greef zBoba Bossk The Mandalorian",1
"Toebbenator",1,1,107245,Revan,"zzzJKR zBS GMY Jolee zGK",1
"Toebbenator",0,1,122928,FO,"zKRU Kylo FOST FOE FOO",1
"Toebbenator",0,1,90830,Phoenix,"Hera zEzra Kanan Zeb Captain Rex",1
"Toebbenator",,,46076,Grievous Omicron,"GG G5, B2 G5, B1 5* G5, MagnaGuard G5, Droideka G5",0
"Toebbenator",,,286415,HansMF,"Home One, Han's MF, Biggs X-wing, Bistan's U-wing 5*, Phantom Ghost Cassian's U-wing, Wedge X-wing",0
"Toebbenator",1,0,85137,Troopers,"Veers Piett Gideon Dark Trooper, Range Trooper",0
"Toebbenator",,,68309,Nute-OR,"Nute G5, Dooku Jango G8, Zaalbar G8, Mission G8",0
"Toebbenator",1,1,57328,NS,"MT G8, AV G8, Daka G8, Zombie G5, Spirit G8",0
"Toebbenator",1,0,59701,ShaakClones,"Shaak Ti G8, Rex G8, Echo (501st) G8, Fives G8, Clone Sergeant G8",0
"Toebbenator",1,1,47393,Rogue1,"Jyn G8, Chirrut G8, Baze 6* G8, K-2SO G8, Cassian G8",0
"Toebbenator",1,0,106337,QGJ,"zQGJ Aayla G8, zJKA HYoda zAhsoka",0
"GeneralSkywalker",1,1,151911,SL Kylo,"zzzzzzSL Kylo, zSith Trooper, zHux zzKRU Thrawn",1
"GeneralSkywalker",1,1,162777,GL Rey,"zzzzzzRey zzJTR zBB-8 zRH Poe, zRH Finn",1
"GeneralSkywalker",,,521390,Executor,"Executor 5* HT RC Xanadu Blood, Slave I, IG-2000 Imperial TIE Fighter, Tie Adv",1
"GeneralSkywalker",0,1,116690,DRMalak,"zzzDR HK-47 zBSF zzMalak Sith Empire Trooper",1
"GeneralSkywalker",0,1,117441,padme,"zzPadme GK JKA zAhsoka zC-3PO",1
"GeneralSkywalker",,,428035,Negotiator,"Negotiator BTL-B Y-wing, Anakin's Eta-2, Rex's ARC-170, Umbaran SF, Ahsoka's SF, Plo's SF, Clone Sergeant's ARC-170",1
"GeneralSkywalker",0,1,92773,Geonosians Omicron,"zzGBA Sun Fac, Geo Soldier, Geo Spy, Poggle",1
"GeneralSkywalker",,,399627,HansMF,"Home One, Han's MF, Rebel Y-wing, Ghost Phantom Biggs X-wing, Cassian's U-wing, Wedge X-wing",1
"GeneralSkywalker",1,0,95167,Traya,"zzTraya DN Sion Dooku G8, zEP",1
"GeneralSkywalker",1,1,101572,Revan Offense,"zzzJKR GMY BS zJolee Ezra",1
"GeneralSkywalker",0,1,134396,BH,"zBossk Dengar zGreef Boba zThe Mandalorian",1
"GeneralSkywalker",1,1,99695,Carth,"Carth Onasi, zMission zZaalbar zJuhani zCanderous",1
"GeneralSkywalker",1,0,116818,CLS,"zzzCLS zHan Leia Old Ben, zChewbacca",1
"GeneralSkywalker",0,1,101024,Phoenix,"Hera zKanan Zeb Sabine zCaptain Rex",1
"GeneralSkywalker",,,121981,Phasma,"zPhasma zFOTP FOSFTP zFOST zKylo",0
"GeneralSkywalker",,,109322,Grievous Omicron,"zGG B2 zB1 MagnaGuard zDroideka",0
"GeneralSkywalker",1,0,92959,Troopers,"Veers zPiett Gideon G9, Dark Trooper G9, Range Trooper",0
"GeneralSkywalker",1,1,90291,GAS,"zzzzGAS 5* Rex Echo (501st) G9, zFives ARC Trooper 5* G9",0
"GeneralSkywalker",1,1,61217,NS_Alt,"MT G8, AV Talia G8, Spirit G8, Daka G9",0
"GeneralSkywalker",,,58141,Iden Troopers,"zIden Versio, Shoretrooper G8, Snowtrooper G8, Magma G8, DT 6* G8",0
"GeneralSkywalker",1,1,44258,Rogue1,"Jyn G8, Chirrut 6* G8, Baze 5* G8, K-2SO G8, Cassian G8",0
"theLeskiss",,,127662,Phasma,"zPhasma zFOTP FOSFTP zFOST zKylo",1
"theLeskiss",1,1,159556,SL Kylo,"zzzzzzSL Kylo, zSith Trooper, zHux zzKRU zzThrawn",1
"theLeskiss",1,0,146064,CLS,"zzzCLS zHan zzChewbacca zzC-3PO zChewpio",1
"theLeskiss",0,1,128409,DRMalak,"zzzDR HK-47 zBSF zzMalak Sith Empire Trooper",1
"theLeskiss",,,416066,Negotiator,"Negotiator HT Anakin's Eta-2, Umbaran SF, Ahsoka's SF, BTL-B Y-wing, Clone Sergeant's ARC-170, Plo's SF",1
"theLeskiss",0,1,95625,Geonosians Omicron,"zzGBA Sun Fac, Geo Soldier, Geo Spy, Poggle",1
"theLeskiss",,,425345,HansMF,"Home One, Han's MF, Biggs X-wing, Bistan's U-wing, Phantom Ghost Cassian's U-wing, Wedge X-wing",1
"theLeskiss",1,0,103024,Traya,"zzTraya DN Sion Dooku zzEP",1
"theLeskiss",1,0,108665,Troopers,"zVeers zzPiett zzGideon Dark Trooper, Range Trooper",1
"theLeskiss",,,104566,Disintegration,"Aurra Greef Boba zzBossk zThe Mandalorian",1
"theLeskiss",1,1,131488,Revan,"zzzJKR zBS zGMY zJolee zGK",1
"theLeskiss",1,1,93258,Ewoks,"zChirpa Elder zPaploo zWicket zLogray",1
"theLeskiss",1,0,78171,ShaakClones,"zShaak Ti G9, Rex Echo (501st), Fives ARC Trooper G9",1
"theLeskiss",1,1,92308,Carth,"zCarth Onasi, Mission Zaalbar Juhani Canderous",1
"theLeskiss",0,1,96000,Phoenix,"Hera Ezra Kanan Zeb Sabine",1
"theLeskiss",1,0,93396,IG88,"IG-88 GG BB-8 T3-M4 L3-37",1
"theLeskiss",,,55757,Admiral Raddus,"Admiral Raddus 3* G9, Cassian G9, Jyn G9, Scarif G7, Bistan G8",0
"theLeskiss",,,229904,Malevolence,"Malevolence 5* Hyena Bomber, Vulture Droid 5*, Sun Fac SF, Soldier SF, Spy SF",0
"theLeskiss",,,79528,Nute-Wat,"Nute zB1 B2 MagnaGuard G9, zWat Tambor",0
"theLeskiss",,,63825,Iden Troopers,"zIden Versio, Stormtrooper Snowtrooper G8, Magma G5, DT 5*",0
"theLeskiss",0,1,79479,BH,"Jango Dengar G7, zZam Cad Nest 6*",0
"MINI Leskiss",1,0,129375,CLS,"zzzCLS zHan zzChewbacca C-3PO zChewpio",1
"MINI Leskiss",0,1,117090,Geonosians Omicron,"zzGBA Sun Fac, Geo Soldier, Geo Spy, Poggle",1
"MINI Leskiss",,,398808,Negotiator,"Negotiator HT Anakin's Eta-2, Umbaran SF, Ahsoka's SF, BTL-B Y-wing, Plo's SF, Rex's ARC-170",1
"MINI Leskiss",0,1,111816,DR,"zzzDR zzHK-47 zBSF Sith Empire Trooper G9, Thrawn G8",1
"MINI Leskiss",1,1,121842,JTR,"zzzJTR R2-D2 BB-8 RH Finn, RH Poe",1
"MINI Leskiss",1,0,135866,Troopers,"zVeers zzPiett zzGideon zDark Trooper, Range Trooper",1
"MINI Leskiss",,,94081,Disintegration,"Aurra Greef Boba zzBossk The Mandalorian",1
"MINI Leskiss",1,1,126955,Revan,"zzzJKR zBS GMY zJolee zGK",1
"MINI Leskiss",1,1,84661,Ewoks,"zChirpa Elder Paploo Wicket Logray",1
"MINI Leskiss",1,1,97395,Carth,"Carth Onasi, Mission Zaalbar zJuhani zCanderous",1
"MINI Leskiss",0,1,105755,Phoenix,"zHera Ezra Kanan Zeb Sabine",1
"MINI Leskiss",,,108030,Phasma,"Phasma FOTP FOSFTP FOST Kylo",0
"MINI Leskiss",,,366982,HansMF,"Home One 6*, Han's MF 6*, Biggs X-wing, Bistan's U-wing 5*, Phantom Ghost Cassian's U-wing, Wedge X-wing",0
"MINI Leskiss",1,1,101137,zEP,"EP zzzVader Tarkin TFP G8, zzMara Jade, The Emperor's Hand",0
"PJMaster",1,1,114186,NS,"zzMT zzAV zDaka Zombie Spirit",1
"PJMaster",1,0,138881,CLS,"zzzCLS zHan zzChewbacca zzC-3PO zChewpio",1
"PJMaster",0,1,120848,DRMalak,"zzzDR HK-47 zBSF zzMalak Sith Empire Trooper",1
"PJMaster",,,127111,Grievous Omicron,"zzGG zB2 zB1 zMagnaGuard zDroideka",1
"PJMaster",,,469995,Negotiator,"Negotiator HT Anakin's Eta-2, Umbaran SF, Ahsoka's SF, BTL-B Y-wing, Clone Sergeant's ARC-170, Plo's SF",1
"PJMaster",,,332800,Malevolence,"Malevolence Hyena Bomber, Vulture Droid, Sun Fac SF, Soldier SF, Spy SF",1
"PJMaster",0,1,111881,Geonosians Omicron,"zzGBA Sun Fac, Geo Soldier, Geo Spy, Poggle",1
"PJMaster",1,1,133164,JTR,"zzzJTR zzR2-D2 zBB-8 zRH Finn, zRH Poe",1
"PJMaster",1,0,106131,Traya,"zzTraya zDN zSion zzEP zThrawn",1
"PJMaster",,,107953,Mon Mothma,"zzMon Mothma, zPao Hoth Rebel Scout, Wedge zCara Dune",1
"PJMaster",,,113958,Disintegration,"Aurra zzGreef zBoba zzBossk zThe Mandalorian",1
"PJMaster",1,1,135989,GAS,"zzzzGAS zRex zEcho (501st), zzFives zARC Trooper",1
"PJMaster",1,1,127352,Revan,"zzzJKR BS zGMY zJolee zGK",1
"PJMaster",1,1,76768,Ewoks,"zChirpa Elder Paploo Wicket Logray",1
"PJMaster",1,1,87252,Carth,"Carth Onasi, Mission Zaalbar Juhani Canderous",1
"PJMaster",0,1,121201,FO,"zzKRU zKylo zHux FOE FOO",1
"PJMaster",0,1,71337,Phoenix,"Hera G9, Ezra Kanan G9, Zeb G9, Chopper G9",1
"PJMaster",,,265796,HansMF,"Home One, Han's MF, Rebel Y-wing, Bistan's U-wing 6*, Phantom 6* Biggs X-wing, Cassian's U-wing, Wedge X-wing",0
"PJMaster",0,1,90876,BH,"Jango Dengar Greedo Cad IG-88",0
"SavageRonin",0,1,104410,padme,"zzPadme zGK JKA Ahsoka C-3PO",1
"SavageRonin",0,1,107382,Geonosians Omicron,"zzGBA Sun Fac, Geo Soldier, Geo Spy, Poggle",1
"SavageRonin",,,390464,Negotiator,"Negotiator HT Anakin's Eta-2, Umbaran SF, Ahsoka's SF, Clone Sergeant's ARC-170, Jedi Consular's Starfighter, Plo's SF",1
"SavageRonin",1,1,103034,Ewoks,"zChirpa Elder Paploo Wicket Logray",1
"SavageRonin",0,1,108178,FO,"zKRU Kylo FOST FOE FOO",1
"SavageRonin",0,1,94740,Phoenix,"Hera Ezra Kanan Zeb Sabine",1
"SavageRonin",1,0,93698,Wiggs,"Wedge Biggs zzCLS Chewbacca Leia",1
"SavageRonin",1,0,64100,Troopers,"Veers Piett Gideon Dark Trooper G8, Range Trooper",0
"SavageRonin",1,1,55444,NS_Alt,"MT 6* AV Talia 5* G8, Spirit G8, Daka G8",0
"SavageRonin",1,0,80433,ShaakClones,"Shaak Ti, Rex G8, Echo (501st) G8, Fives Clone Sergeant",0
"SavageRonin",1,1,93805,zEP,"EP zVader Tarkin TFP G8, Sith Trooper",0
"SavageRonin",0,1,111893,BH,"Bossk Greef Cad Boba The Mandalorian",0
"SavageRonin",1,1,36848,Rogue1,"Jyn 5* G8, Chirrut 5* G8, Baze 5* G8, K-2SO G8, Cassian 5* G8",0
"Bondforged Galeforce",,,168940,JMK,"zzzzzzJMK zAhsoka zzzCAT zzzzGAS zGK",1
"Bondforged Galeforce",,,550211,Executor,"Executor 5* HT RC Xanadu Blood, Slave I, IG-2000 Imperial TIE Fighter, Tie Adv",1
"Bondforged Galeforce",0,1,120721,DRMalak,"zzzDR zHK-47 BSF zzMalak Sith Empire Trooper",1
"Bondforged Galeforce",,,131637,Grievous Omicron,"zzGG zB2 zB1 MagnaGuard zDroideka",1
"Bondforged Galeforce",,,492809,Negotiator,"Negotiator BTL-B Y-wing, Anakin's Eta-2, Rex's ARC-170, Umbaran SF, Ahsoka's SF, Plo's SF, Clone Sergeant's ARC-170",1
"Bondforged Galeforce",0,1,90562,Geonosians Omicron,"zGBA Sun Fac, Geo Soldier, Geo Spy, Poggle",1
"Bondforged Galeforce",1,0,100458,Traya,"zzTraya DN Sion Dooku Thrawn",1
"Bondforged Galeforce",1,0,104160,CLS,"zzCLS zHan zChewbacca Leia C-3PO",1
"Bondforged Galeforce",1,1,136311,Revan Offense,"zzzJKR zGMY zBS zJolee zJKA",1
"Bondforged Galeforce",1,1,72610,Ewoks,"zChirpa Elder Paploo Wicket Logray",1
"Bondforged Galeforce",1,0,141601,ShaakClones,"zzShaak Ti, zRex zEcho (501st), zzFives zARC Trooper",1
"Bondforged Galeforce",0,1,138946,BH,"zzBossk Jango Dengar Cad zBoba",1
"Bondforged Galeforce",1,1,74601,Carth,"Carth Onasi, Mission Zaalbar Juhani G8, Canderous",1
"Bondforged Galeforce",1,1,116969,zEP,"zEP zzVader Tarkin TFP Sith Trooper",1
"Bondforged Galeforce",0,1,122633,FO,"zKRU zKylo zHux FOE FOO",1
"Bondforged Galeforce",0,1,119153,Phoenix,"zHera Ezra zKanan zSabine zzCaptain Rex",1
"Bondforged Galeforce",1,1,74447,Rogue1,"Jyn Chirrut Baze K-2SO G9, Cassian G9",1
"Bondforged Galeforce",,,260118,Malevolence,"Malevolence 6* Hyena Bomber 4*, Vulture Droid 5*, Sun Fac SF, Soldier SF, Spy SF",0
"Bondforged Galeforce",,,395709,HansMF,"Home One, Han's MF, Biggs X-wing, Bistan's U-wing 4*, Phantom Ghost Cassian's U-wing 5*, Wedge X-wing",0
"Bondforged Galeforce",1,0,95708,Troopers,"zVeers zzPiett Gideon 6* G9, Dark Trooper, Range Trooper 5*",0
"Bondforged Galeforce",1,1,76387,NS,"MT AV Daka G8, Zombie Spirit G8",0
"nate",,,124168,Phasma,"zPhasma zFOTP FOSFTP zFOST zKylo",1
"nate",1,1,149902,SL Kylo,"zzzzzzSL Kylo, Sith Trooper, zHux zzKRU Thrawn G9",1
"nate",0,1,132603,padme,"zzPadme zGK JKA zAhsoka zzC-3PO",1
"nate",,,128861,Grievous Omicron,"zzGG zB2 zB1 zMagnaGuard zDroideka",1
"nate",,,466443,Negotiator,"Negotiator HT Anakin's Eta-2, Umbaran SF, Ahsoka's SF, BTL-B Y-wing, Clone Sergeant's ARC-170, Plo's SF",1
"nate",0,1,117870,Geonosians Omicron,"zzGBA Sun Fac, Geo Soldier, Geo Spy, Poggle",1
"nate",1,1,102710,JTR,"zzzJTR R2-D2 zBB-8 RH Finn, RH Poe",1
"nate",,,499267,Raddus,"Raddus 5* Sun Fac SF, Rey's Millennium Falcon, Poe Dameron's X-wing, Resistance X-wing, Biggs X-wing, Wedge X-wing, Phantom Ghost",1
"nate",1,1,101965,Revan Offense,"zzzJKR zzGMY HYoda G8, Jolee Ezra",1
"nate",1,1,98503,Ewoks,"zChirpa Elder zPaploo Teebo zLogray",1
"nate",0,1,124090,BH,"zzBossk Jango Greef Cad Boba",1
"nate",1,0,105606,CLS,"zzzCLS zHan Leia Old Ben, Chewbacca",1
"nate",0,1,99854,Phoenix,"Hera Kanan Zeb Sabine Chopper",1
"nate",1,1,116844,zEP,"zEP zzzVader Tarkin G9, zDooku TFP",1
"nate",1,1,52256,NS_Alt,"MT 5* G8, AV Talia 6* G8, Spirit 5* G8, Daka 5* G8",0
"nate",1,0,87215,ShaakClones,"Shaak Ti, Rex Echo (501st), Fives ARC Trooper",0
"nate",1,0,50987,Troopers,"Veers G8, Starck G4, Snowtrooper G8, Shoretrooper 5* G8, Stormtrooper G8",0
"nate",1,1,38277,Rogue1,"Jyn 5* G8, Chirrut 5* G8, Baze 5* G8, K-2SO G8, Cassian 5* G8",0
"Hoshiyomi Gaming",,,178561,Jabba,"zzzzzzJabba zBoushh (Leia Organa), zSkiff Guard (Lando Calrissian), zKrrsantan zBoba",1
"Hoshiyomi Gaming",,,567206,Executor,"Executor 5* HT RC Xanadu Blood, Slave I, IG-2000 Imperial TIE Fighter, Tie Adv",1
"Hoshiyomi Gaming",1,0,148975,CLS,"zzzCLS zHan zzChewbacca zC-3PO zChewpio",1
"Hoshiyomi Gaming",,,242525,Malevolence,"Malevolence 5* Hyena Bomber, Vulture Droid, Sun Fac SF, Soldier SF, Spy SF",1
"Hoshiyomi Gaming",0,1,91106,Geonosians Omicron,"zGBA Sun Fac, Geo Soldier, Geo Spy, Poggle",1
"Hoshiyomi Gaming",1,0,118664,Troopers,"zVeers zzPiett zGideon Dark Trooper, Range Trooper",1
"Hoshiyomi Gaming",1,1,80302,Ewoks,"zChirpa Elder Paploo Wicket Logray",1
"Hoshiyomi Gaming",0,1,139277,BH,"zzBossk zEmbo Fennec Shand, Dengar Cad",1
"Hoshiyomi Gaming",1,1,115195,zEP,"zzEP zzzVader Tarkin TFP zMara Jade, The Emperor's Hand",1
"Hoshiyomi Gaming",0,1,122324,BH,"zJango zAurra Greedo IG-88 zNest",1
"Hoshiyomi Gaming",0,1,67134,Phoenix,"Hera Ezra Kanan G9, Zeb G9, Sabine",1
"Hoshiyomi Gaming",1,0,78569,Jawas,"Nebit Jawa Engineer, Jawa Scavenger, Jawa Dathcha",1
"Hoshiyomi Gaming",0,1,90743,padme,"zzPadme zGK zJKA zAhsoka Fives G8",0
"Hoshiyomi Gaming",,,240207,Negotiator,"Negotiator 6* BTL-B Y-wing 5*, Anakin's Eta-2, Rex's ARC-170 5*, Umbaran SF, Ahsoka's SF, Plo's SF, Clone Sergeant's ARC-170",0
"Hoshiyomi Gaming",,,326373,HansMF,"Home One, Han's MF, Rebel Y-wing, Bistan's U-wing 6*, Phantom Ghost Cassian's U-wing, Wedge X-wing",0
"JadenRaven",,,97263,Phasma,"zPhasma FOE FOO zzKRU zKylo",1
"JadenRaven",1,0,154255,CLS,"zzzCLS zHan zzChewbacca zzC-3PO zChewpio",1
"JadenRaven",0,1,123819,DRMalak,"zzzDR zHK-47 zBSF zzMalak Sith Empire Trooper",1
"JadenRaven",,,127842,Grievous Omicron,"zzGG zB2 zB1 zMagnaGuard zDroideka",1
"JadenRaven",1,1,96667,NS_Alt,"zzMT zAV Zombie Merrin zDaka",1
"JadenRaven",,,308387,Malevolence,"Malevolence Hyena Bomber, Vulture Droid, Sun Fac SF, Soldier SF, Spy SF",1
"JadenRaven",0,1,96462,Geonosians Omicron,"zzGBA Sun Fac, Geo Soldier, Geo Spy, Poggle",1
"JadenRaven",1,1,143146,JTR,"zzzJTR zzR2-D2 zzBB-8 zRH Finn, zRH Poe",1
"JadenRaven",,,107020,Mon Mothma,"zzMon Mothma, zPao Hoth Rebel Scout, Wedge zCara Dune",1
"JadenRaven",1,0,101306,Troopers,"zVeers zzPiett zGideon zDark Trooper, Range Trooper",1
"JadenRaven",,,108706,Nute-Wat,"zNute zDooku zWat Tambor, zJango zNest",1
"JadenRaven",1,1,126885,Revan,"zzzJKR zBS zGMY zJolee zGK",1
"JadenRaven",1,1,90653,Ewoks,"zChirpa Elder Paploo zWicket Logray",1
"JadenRaven",0,1,105388,BH,"zzBossk zBoushh (Leia Organa), Dengar Greedo Boba",1
"JadenRaven",1,1,93637,Carth,"zCarth Onasi, zMission zZaalbar Juhani Canderous",1
"JadenRaven",1,1,108553,zEP,"zEP zzzVader Tarkin TFP zzMara Jade, The Emperor's Hand",1
"JadenRaven",0,1,88253,Phoenix,"Hera Ezra zKanan Zeb zCaptain Rex",1
"JadenRaven",,,132500,Bad Batch,"zHunter zEcho zzOmega zTech zWrecker",1
"JadenRaven",1,1,80295,Rogue1,"Jyn Chirrut Baze K-2SO G8, Scarif G8",1
"JadenRaven",1,0,86378,Jawas,"Nebit Jawa Engineer, Jawa Scavenger, Jawa Dathcha",1
"JadenRaven",,,386077,HansMF,"Home One, Han's MF, Rebel Y-wing, Bistan's U-wing 5*, Phantom Ghost Cassian's U-wing, Wedge X-wing",0
"JadenRaven",1,0,73461,Traya,"Traya G7, DN Sion G7, Sith Assassin G7, zThrawn",0
"MINI SgtGingerbeard",,,123691,Phasma,"zPhasma zFOTP FOSFTP zFOST zKylo",1
"MINI SgtGingerbeard",1,1,167196,SL Kylo,"zzzzzzSL Kylo, zSith Trooper, zHux zzKRU Thrawn",1
"MINI SgtGingerbeard",,,188652,SEE,"zzzzzzSEE zBSF zzMalak zzzDR zzVader",1
"MINI SgtGingerbeard",1,1,167694,GL Rey,"zzzzzzRey zGK zzzJTR zRH Poe, zRH Finn",1
"MINI SgtGingerbeard",,,559219,Executor,"Executor HT RC Xanadu Blood, Slave I, IG-2000 Imperial TIE Fighter, Tie Adv",1
"MINI SgtGingerbeard",,,182758,JMLS,"zzzJKR zzJKL zzzzzzJMLS zWat Tambor, zzzzGAS",1
"MINI SgtGingerbeard",1,0,140858,CLS,"zzzCLS zHan zChewbacca zC-3PO zChewpio",1
"MINI SgtGingerbeard",,,132424,Grievous Omicron,"zzGG zB2 zB1 MagnaGuard zDroideka",1
"MINI SgtGingerbeard",0,1,101934,Geonosians Omicron,"zzGBA Sun Fac, Geo Soldier, Geo Spy, Poggle",1
"MINI SgtGingerbeard",,,462848,HansMF,"Home One, Han's MF, Rebel Y-wing, Bistan's U-wing, Phantom Ghost Cassian's U-wing, Wedge X-wing",1
"MINI SgtGingerbeard",1,0,125490,Traya,"zzTraya DN zSion zzEP Sith Empire Trooper",1
"MINI SgtGingerbeard",1,0,121532,Troopers,"zVeers zzPiett zGideon zDark Trooper, Range Trooper",1
"MINI SgtGingerbeard",,,97330,Mon Mothma,"Mon Mothma, Bistan Biggs Wedge Cara Dune",1
"MINI SgtGingerbeard",1,1,84865,Ewoks,"zChirpa Elder Paploo Wicket Logray",1
"MINI SgtGingerbeard",1,0,122066,ShaakClones,"zzShaak Ti, zRex zEcho (501st), zzFives zARC Trooper",1
"MINI SgtGingerbeard",0,1,138787,BH,"zzBossk Jango Dengar Cad zBoba",1
"MINI SgtGingerbeard",1,1,95637,Carth,"zCarth Onasi, zMission zZaalbar Juhani G8, Canderous",1
"MINI SgtGingerbeard",0,1,103883,Phoenix,"Hera Ezra Kanan Zeb Sabine",1
"MINI SgtGingerbeard",1,0,122119,QGJ,"zQGJ Aayla JKA zHYoda zAhsoka",1
"MINI SgtGingerbeard",1,0,19683,NestSolo (Counter),"zNest",1
"MINI SgtGingerbeard",1,1,88709,NS,"zMT AV Daka Zombie Spirit",0
"MINI SgtGingerbeard",,,282010,Malevolence,"Malevolence Hyena Bomber 4*, Vulture Droid 2*, Sun Fac SF, Soldier SF, Spy SF",0
"MINI SgtGingerbeard",1,0,122495,zMaul,"Darth Maul, Dooku zSidious Sith Assassin, Savage",0
"MINI SgtGingerbeard",,,46827,Bad Batch,"Hunter 5* G9, Echo 4* G8, Omega 6* G8, Tech 5* G8, Wrecker G8",0
"Barraza",,,119558,Phasma,"zPhasma zFOTP FOSFTP FOST zKylo",1
"Barraza",1,1,149911,SL Kylo,"zzzzzzSL Kylo, Sith Trooper, zHux zzKRU Thrawn",1
"Barraza",1,1,144692,GL Rey,"zzzzzRey zzzJTR BB-8 RH Poe, RH Finn",1
"Barraza",1,1,110684,NS,"zzMT zAV Daka Zombie Spirit",1
"Barraza",,,534464,Executor,"Executor 5* HT RC Xanadu Blood, Slave I, IG-2000 Imperial TIE Fighter, Tie Adv",1
"Barraza",1,0,132210,CLS,"zzzCLS zHan zChewbacca zC-3PO zChewpio",1
"Barraza",0,1,107168,DRMalak,"zzzDR HK-47 zBSF zzMalak Sith Empire Trooper",1
"Barraza",,,412475,Negotiator,"Negotiator BTL-B Y-wing, Anakin's Eta-2, Rex's ARC-170, Umbaran SF, Ahsoka's SF, Plo's SF, Clone Sergeant's ARC-170",1
"Barraza",0,1,92697,Geonosians Omicron,"zzGBA Sun Fac, Geo Soldier, Geo Spy, Poggle",1
"Barraza",,,127496,JKL,"zzJKL zzzJKR zHYoda Old Ben, Ezra",1
"Barraza",,,457820,HansMF,"Home One, Han's MF, Rebel Y-wing, Ghost Phantom Biggs X-wing, Cassian's U-wing, Wedge X-wing",1
"Barraza",0,1,115892,Grievous,"zzGG zB2 zB1 MagnaGuard zIG-88",1
"Barraza",1,0,109970,Traya,"zzTraya DN Sion Dooku zzEP",1
"Barraza",,,92100,Mon Mothma,"Mon Mothma, Lando Biggs Wedge Cara Dune",1
"Barraza",1,1,118849,GAS,"zzzzGAS zRex zEcho (501st), zzFives zAhsoka",1
"Barraza",1,1,82794,Ewoks,"zChirpa Elder Paploo Wicket Logray G9",1
"Barraza",0,1,127043,BH,"zzBossk Jango Dengar zGreef zBoba",1
"Barraza",1,1,83955,Carth,"Carth Onasi, Mission Zaalbar Juhani G9, Canderous",1
"Barraza",0,1,104060,Phoenix,"Hera Kanan Zeb zSabine zCaptain Rex",1
"Barraza",1,0,13503,NestSolo (Counter),"Nest G9",1
"Barraza",1,0,95781,Troopers,"Veers Starck Iden Versio G8, zzPiett Gideon 6* G9",0
"Barraza",0,1,99316,BS,"BS GMY zJolee zGK JKA",0
"Szerahk",1,1,143362,SL Kylo,"zzzzzzSL Kylo, zSith Trooper, zHux zzKRU Thrawn",1
"Szerahk",1,0,139582,CLS,"zzzCLS zHan zzChewbacca zzC-3PO zChewpio",1
"Szerahk",0,1,119863,DRMalak,"zzzDR HK-47 zBSF zzMalak Sith Empire Trooper",1
"Szerahk",,,125012,JKL,"zzJKL zzzJKR zHYoda Old Ben, Ezra",1
"Szerahk",,,448109,HansMF,"Home One, Han's MF, HT Ghost Phantom Biggs X-wing, Cassian's U-wing, Wedge X-wing",1
"Szerahk",0,1,116129,Grievous,"zzGG zB2 zB1 zMagnaGuard zNute",1
"Szerahk",1,1,124195,GAS,"zzzzGAS zRex zEcho (501st), zzFives zARC Trooper",1
"Szerahk",1,1,73018,Ewoks,"zChirpa G8, Elder Paploo G8, Wicket Logray",1
"Szerahk",0,1,112678,BH,"zzBossk Dengar Greef zBoba The Mandalorian",1
"Szerahk",1,1,79929,Carth,"zCarth Onasi, Mission G8, zZaalbar Juhani G8, zCanderous",1
"Szerahk",0,1,101407,Phoenix,"Hera Kanan Zeb Sabine Chopper",1
"Szerahk",0,1,122250,BS,"zBS zGMY zJolee zGK zAhsoka",1
"Szerahk",,,117076,Phasma,"Phasma FOTP FOSFTP zFOST zKylo",0
"Szerahk",0,1,114260,Geonosians Omicron,"zzGBA Sun Fac, Geo Soldier, Geo Spy, Poggle",0
"Szerahk",1,1,80197,JTR,"JTR G7, R2-D2 BB-8 G8, RH Finn, RH Poe",0
"Szerahk",1,1,103399,zEP,"zzEP zzzVader Tarkin TFP G8, Traya G6",0
"Szerahk",1,0,7986,SionSolo (Counter),"Sion 6* G7",0
"LittleVoidBlue",1,1,117921,NS,"zzMT zzAV zDaka Zombie Spirit",1
"LittleVoidBlue",0,1,135412,padme,"zzPadme zGK zJKA zAhsoka zC-3PO",1
"LittleVoidBlue",,,134768,Grievous Omicron,"zzGG zB2 zB1 zMagnaGuard zDroideka",1
"LittleVoidBlue",0,1,111931,Geonosians Omicron,"zzGBA Sun Fac, Geo Soldier, Geo Spy, Poggle",1
"LittleVoidBlue",0,1,90582,Qira,"zQira L3-37 zVandor Chewbacca, Nest 5* Zaalbar",1
"LittleVoidBlue",,,484840,Negotiator,"Negotiator HT Anakin's Eta-2, Umbaran SF, Ahsoka's SF, Clone Sergeant's ARC-170, Plo's SF, Rex's ARC-170",1
"LittleVoidBlue",,,427207,HansMF,"Home One, Han's MF 6*, Biggs X-wing, Bistan's U-wing, Phantom Ghost Cassian's U-wing, Wedge X-wing",1
"LittleVoidBlue",1,1,110202,JTR,"zzJTR zzR2-D2 zBB-8 RH Finn, RH Poe",1
"LittleVoidBlue",1,1,97299,GAS,"zzzzGAS Rex Echo (501st), Fives ARC Trooper",1
"LittleVoidBlue",1,1,133547,Revan Offense,"zzzJKR zzGMY zzHYoda zJolee zEzra",1
"LittleVoidBlue",1,1,105995,Ewoks,"zChirpa Elder Paploo Wicket Logray",1
"LittleVoidBlue",0,1,123309,BH,"zzBossk Jango Dengar Cad Boba",1
"LittleVoidBlue",1,1,101730,zEP,"zzEP zzVader Tarkin G8, TFP Sith Trooper",1
"LittleVoidBlue",0,1,116023,FO,"zKRU zKylo FOST FOE FOO",1
"LittleVoidBlue",1,0,117052,CLS,"zzzCLS zHan Leia Old Ben, zChewbacca",1
"LittleVoidBlue",0,1,104829,Phoenix,"zHera Kanan Zeb Sabine Chopper",1
"LittleVoidBlue",1,1,79548,Rogue1,"zJyn Chirrut Baze K-2SO G8, Cassian G8",1
"LittleVoidBlue",1,0,99013,zMaul,"zDarth Maul, BSF zDooku DN zSavage",1
"LittleVoidBlue",1,0,84356,ThrawnTroopers,"zThrawn Range Trooper, DT Shoretrooper G9, zVeers",1
"LittleVoidBlue",1,0,17691,SionSolo (Counter),"Sion",1
"Jenks",1,1,168319,GL Rey,"zzzzzzRey zzzJTR zBB-8 zRH Poe, zRH Finn",1
"Jenks",,,138102,SK,"zzEP zzMara Jade, The Emperor's Hand, zzStarkiller Old Ben, zVisas",1
"Jenks",0,1,111880,Geonosians Omicron,"zzGBA Sun Fac, Geo Soldier, Geo Spy, Poggle",1
"Jenks",,,417575,HansMF,"Home One, Han's MF, HT Ghost Phantom Biggs X-wing, Cassian's U-wing, Wedge X-wing",1
"Jenks",0,1,138383,BH,"zzBossk zzGreef Cad zBoba zzThe Mandalorian",1
"Jenks",0,1,126165,FO,"zzKRU zKylo zHux FOE FOO",1
"Jenks",0,1,100431,Phoenix,"Hera Ezra Kanan Zeb Sabine",1
"Jenks",1,0,100183,Wiggs,"Wedge Biggs zzzCLS Fulcrum Leia",1
"Jenks",1,1,98004,NS,"MT AV Daka Zombie Spirit",0
"Jenks",,,75374,Nute-OR,"Nute G9, Dooku G8, Jango Zaalbar Mission G9",0
"Jenks",1,1,94376,Revan,"JKR BS zzGMY Jolee zGK",0
"Jenks",1,1,96564,Ewoks,"Chirpa Elder Paploo Wicket Logray",0
"Jenks",1,0,81579,501st,"Rex Clone Sergeant, Echo (501st) G9, Fives Ahsoka",0
"Jenks",1,0,56889,Troopers,"Veers 6* Starck G8, Magma G7, Gideon 5* G9, DT G8",0
"Jenks",1,1,52162,Rogue1,"Jyn G9, Chirrut G9, Baze 6* G8, K-2SO G8, Cassian G9",0
"Johnyboy71SWGOH",1,1,151889,GL Rey,"zzzzzzRey zzzJTR BB-8 RH Poe, RH Finn",1
"Johnyboy71SWGOH",0,1,108049,Geonosians Omicron,"zzGBA Sun Fac, Geo Soldier, Geo Spy, Poggle",1
"Johnyboy71SWGOH",,,446926,HansMF,"Home One, Han's MF, HT Ghost Phantom Biggs X-wing, Cassian's U-wing, Wedge X-wing",1
"Johnyboy71SWGOH",1,0,117392,Traya,"zzTraya zzDN zSion Sith Empire Trooper, Thrawn",1
"Johnyboy71SWGOH",0,1,123783,BH,"zzBossk Jango Greef Boba The Mandalorian",1
"Johnyboy71SWGOH",1,1,136143,zEP,"zzEP zzzVader zzTarkin TFP zzMara Jade, The Emperor's Hand",1
"Johnyboy71SWGOH",1,0,107024,Troopers,"zVeers Starck Stormtrooper zzPiett zDark Trooper",1
"Johnyboy71SWGOH",1,0,98318,501st,"Rex Clone Sergeant, Echo (501st), Fives Ahsoka",1
"Johnyboy71SWGOH",0,1,118192,Phoenix,"Hera Ezra zKanan zSabine zCaptain Rex",1
"Johnyboy71SWGOH",1,0,106406,Wiggs,"Wedge Biggs zzzCLS Han Leia",1
"Johnyboy71SWGOH",,,109351,Phasma,"Phasma FOTP FOSFTP FOST Kylo",0
"Johnyboy71SWGOH",,,51581,Admiral Raddus,"Admiral Raddus 5* G8, Cassian G9, Jyn G8, K-2SO G8, Chirrut 5* G8",0
"Johnyboy71SWGOH",,,109071,Grievous Omicron,"GG B2 B1 MagnaGuard Droideka",0
"Johnyboy71SWGOH",1,1,103263,NS,"MT AV Daka Zombie Spirit",0
"Johnyboy71SWGOH",1,1,101118,Ewoks,"Chirpa Elder Paploo Wicket Logray",0
"Johnyboy71SWGOH",,,63799,Iden Troopers,"Iden Versio 5* G8, Shoretrooper Snowtrooper Magma G7, DT G8",0
"Johnyboy71SWGOH",1,0,94026,zMaul,"Darth Maul, Dooku Sidious Sith Assassin, zSavage",0
"Johnyboy71SWGOH",0,1,103250,BS,"BS 6* GMY Old Ben, zGK JKA",0
"etanium",,,172739,JMK,"zzzzzzJMK zAhsoka zzzCAT zJKA zGK",1
"etanium",,,122674,Phasma,"zPhasma zFOTP FOSFTP zFOST zKylo",1
"etanium",1,1,164549,SL Kylo,"zzzzzzSL Kylo, zSith Trooper, zHux zzKRU zThrawn",1
"etanium",,,184351,SEE,"zzzzzzSEE zBSF zzMalak zzzDR zzzVader",1
"etanium",1,1,170061,GL Rey,"zzzzzzRey zzzJTR zzBB-8 zRH Poe, zRH Finn",1
"etanium",,,572436,Executor,"Executor 6* HT RC Xanadu Blood, Slave I, IG-2000 Imperial TIE Fighter, Tie Adv",1
"etanium",1,0,139371,CLS,"zzzCLS zHan zzChewbacca zzC-3PO zChewpio",1
"etanium",,,131633,Grievous Omicron,"zzGG zB2 zB1 zMagnaGuard zDroideka",1
"etanium",0,1,103900,Geonosians Omicron,"zzGBA Sun Fac, Geo Soldier, Geo Spy, Poggle",1
"etanium",1,0,118971,Traya,"zzTraya zDN G9, Sion G9, Dooku zzEP",1
"etanium",,,442195,Raddus,"Raddus 5* Sun Fac SF, Rey's Millennium Falcon, Poe Dameron's X-wing, Resistance X-wing, Biggs X-wing, Wedge X-wing, Phantom Ghost",1
"etanium",1,1,104349,GAS,"zzzzGAS zRex Echo (501st), Fives ARC Trooper G9",1
"etanium",1,1,143984,Revan Offense,"zzzJKR zzGMY zBS zJolee zzHYoda",1
"etanium",1,1,87984,Ewoks,"zChirpa Elder Paploo G9, zWicket zLogray",1
"etanium",0,1,141393,BH,"zzBossk zJango Dengar IG-88 zBoba",1
"etanium",1,1,103018,Carth,"zCarth Onasi, zMission Zaalbar zJuhani zCanderous",1
"etanium",1,0,120349,Troopers,"zVeers zStarck zzPiett zGideon DT",1
"etanium",0,1,67056,Phoenix,"Hera G8, Ezra Kanan G8, Zeb G8, Sabine G8",1
"etanium",1,0,13608,NestSolo (Counter),"Nest G9",1
"etanium",,,433856,Negotiator,"Negotiator BTL-B Y-wing 2*, Anakin's Eta-2, Rex's ARC-170, Umbaran SF, Ahsoka's SF, Plo's SF, Clone Sergeant's ARC-170 6*",0
"etanium",1,1,79533,NS,"zMT G9, zzAV Daka G9, Zombie G5, Spirit",0
"etanium",,,80998,Mon Mothma,"Mon Mothma 6* G7, Lando Kyle Katarn, Wedge Cara Dune G8",0
"etanium",1,1,47269,Rogue1,"Jyn 6* G8, Chirrut 6* G8, Baze G8, K-2SO G8, Cassian 6* G8",0
"Chantelle Vetacious",,,185586,JMK,"zzzzzzJMK zAhsoka zzzCAT zzzzGAS zGK",1
"Chantelle Vetacious",,,182269,LV,"zzzzzzLord Vader, zzPiett zzzMaul zRG zzzVader",1
"Chantelle Vetacious",,,123133,Phasma,"zPhasma zFOTP FOSFTP zFOST zKylo",1
"Chantelle Vetacious",,,148750,SK,"zzEP zzMara Jade, The Emperor's Hand, zzStarkiller zJuhani zVisas",1
"Chantelle Vetacious",1,1,167250,SL Kylo,"zzzzzzSL Kylo, zSith Trooper, zHux zzKRU zzThrawn",1
"Chantelle Vetacious",,,184296,SEE,"zzzzzzSEE zBSF zzMalak zzzDR zDooku",1
"Chantelle Vetacious",1,1,170832,GL Rey,"zzzzzzRey zzzJTR zzR2-D2 zRH Poe, zRH Finn",1
"Chantelle Vetacious",0,1,96089,Qira,"Qira L3-37 zVandor Chewbacca, zMission zZaalbar",1
"Chantelle Vetacious",1,1,122957,NS,"zzMT zzAV zDaka Zombie Spirit",1
"Chantelle Vetacious",,,606485,Executor,"Executor HT RC Xanadu Blood, Slave I, IG-2000 Gauntlet Starfighter, Tie Adv",1
"Chantelle Vetacious",,,169618,JMLS,"zBS zzzzzzJMLS zWat Tambor, zzJKL zJolee",1
"Chantelle Vetacious",1,0,145862,CLS,"zzzCLS zHan zzChewbacca zzC-3PO zChewpio",1
"Chantelle Vetacious",,,137676,Grievous Omicron,"zzGG zB2 zB1 zMagnaGuard zDroideka",1
"Chantelle Vetacious",,,514138,Negotiator,"Negotiator BTL-B Y-wing, Anakin's Eta-2, Rex's ARC-170, Umbaran SF, Ahsoka's SF, Plo's SF, Clone Sergeant's ARC-170",1
"Chantelle Vetacious",,,314634,Malevolence,"Malevolence Hyena Bomber, Vulture Droid, Sun Fac SF, Soldier SF, Spy SF",1
"Chantelle Vetacious",0,1,98903,Geonosians Omicron,"zzGBA Sun Fac, Geo Soldier, Geo Spy, Poggle",1
"Chantelle Vetacious",,,466502,HansMF,"Home One, Han's MF, Rebel Y-wing, Bistan's U-wing, Phantom Ghost Cassian's U-wing, Wedge X-wing",1
"Chantelle Vetacious",1,0,128751,Traya,"zzTraya zzDN zSion Sith Empire Trooper, zNest",1
"Chantelle Vetacious",,,103192,Mon Mothma,"zzMon Mothma, zPao Hoth Rebel Scout, Scarif zCara Dune",1
"Chantelle Vetacious",,,131138,Disintegration,"zAurra zzGreef zBoba zzBossk zThe Mandalorian",1
"Chantelle Vetacious",1,1,89785,Ewoks,"zChirpa Elder Paploo Wicket Logray",1
"Chantelle Vetacious",1,0,149714,ShaakClones,"zzShaak Ti, zRex zEcho (501st), zzFives zARC Trooper",1
"Chantelle Vetacious",0,1,146237,BH,"zzJango zzEmbo zDengar zZam zIG-88",1
"Chantelle Vetacious",1,0,126568,Troopers,"zVeers zStarck Range Trooper, zDark Trooper, zzGideon",1
"Chantelle Vetacious",,,93929,Iden Troopers,"zIden Versio, zStormtrooper Snowtrooper Magma zDT",1
"Chantelle Vetacious",1,0,109174,Wiggs,"Wedge Biggs zFulcrum Ezra zLeia",1
"Chantelle Vetacious",0,1,90305,Phoenix,"zHera Kanan Zeb Sabine Captain Rex",1
"Chantelle Vetacious",1,1,100307,Rogue1,"zzJyn Chirrut Baze zK-2SO zCassian",1
"Chantelle Vetacious",,,133378,Bad Batch,"zHunter zEcho zzOmega zTech zWrecker",1
"Chantelle Vetacious",1,0,117424,zMaul,"zDarth Maul, zSidious Sith Assassin, zSavage Sith Marauder",1
"Chantelle Vetacious",1,0,86726,Jawas,"Nebit Jawa Engineer, Jawa Scavenger, Jawa Dathcha",1
"Shelly Kuhn",1,1,162177,SL Kylo,"zzzzzzSL Kylo, zSith Trooper, zHux zzKRU zThrawn",1
"Shelly Kuhn",0,1,111115,padme,"zzPadme zGK JKA zAhsoka zC-3PO",1
"Shelly Kuhn",1,1,91059,Ewoks,"zChirpa Elder Paploo Teebo zLogray",1
"Shelly Kuhn",0,1,128372,BH,"zzBossk Dengar zGreef IG-88 zBoba",1
"Shelly Kuhn",1,1,84608,Carth,"Carth Onasi G9, zMission Zaalbar zJuhani Canderous",1
"Shelly Kuhn",1,1,136825,zEP,"zzEP zzzVader Tarkin IPD zzMara Jade, The Emperor's Hand",1
"Shelly Kuhn",0,1,67033,Phoenix,"Hera Ezra Kanan G8, Zeb G8, Chopper G9",1
"Shelly Kuhn",1,0,20445,SionSolo (Counter),"zSion",1
"Shelly Kuhn",,,116111,Phasma,"Phasma FOTP FOSFTP zFOST zKylo",0
"Shelly Kuhn",,,131613,SEE,"zzzzzzSEE zBSF zMalak 6* G8, zzzDR G8, Dooku",0
"Shelly Kuhn",,,507266,Executor,"Executor 4* HT RC Xanadu Blood, Slave I, IG-2000 Imperial TIE Fighter, Tie Adv",0
"Shelly Kuhn",0,1,89216,Geonosians Omicron,"zGBA Sun Fac, Geo Soldier, Geo Spy, Poggle",0
"Shelly Kuhn",1,1,69996,JTR,"JTR Scav Rey G8, BB-8 G6, R2-D2 Finn G9",0
"Shelly Kuhn",1,0,93941,CLS,"zzzCLS zHan Leia G9, Old Ben G9, zzChewbacca",0
"Shelly Kuhn",1,0,101082,Troopers,"Veers Starck Range Trooper 5*, zzPiett zDark Trooper 5* G9",0
"Blackwing",,,123478,Phasma,"zPhasma zFOTP FOSFTP zFOST zKylo",1
"Blackwing",1,1,160084,SL Kylo,"zzzzzzSL Kylo, zSith Trooper, zHux zzKRU zThrawn",1
"Blackwing",0,1,122119,padme,"zzPadme zGK zJKA zAhsoka zC-3PO",1
"Blackwing",1,0,106417,CLS,"zzzCLS zHan zChewbacca R2-D2 Chewpio",1
"Blackwing",0,1,96597,Geonosians Omicron,"zzGBA Sun Fac, Geo Soldier, Geo Spy, Poggle",1
"Blackwing",,,418393,HansMF,"Home One, Han's MF, HT Bistan's U-wing, Phantom Ghost Cassian's U-wing, Wedge X-wing",1
"Blackwing",0,1,115699,Grievous,"zzGG zB2 zB1 zDroideka T3-M4",1
"Blackwing",1,0,101150,Troopers,"zVeers zzPiett zzGideon Dark Trooper, Range Trooper",1
"Blackwing",,,119363,Disintegration,"zAurra zGreef Boba zBossk The Mandalorian",1
"Blackwing",1,1,111014,Revan Offense,"zzzJKR GMY zBS Jolee Ezra",1
"Blackwing",1,1,94198,Ewoks,"zChirpa Elder Paploo Wicket Logray",1
"Blackwing",1,1,101657,Carth,"zCarth Onasi, zMission zZaalbar Juhani Canderous",1
"Blackwing",1,1,122568,zEP,"zzEP zzzVader Tarkin TFP zzMara Jade, The Emperor's Hand",1
"Blackwing",0,1,101358,Phoenix,"zHera Kanan Zeb Sabine Captain Rex",1
"Blackwing",1,0,16873,SionSolo (Counter),"Sion",1
"Blackwing",1,0,14443,NestSolo (Counter),"Nest",1
"Blackwing",1,1,78164,NS,"MT zAV Daka G9, Zombie Spirit G9",0
"Blackwing",0,1,84635,DRMalak,"DR HK-47 BSF Malak 6* G9, Sith Marauder",0
"Blackwing",1,0,86675,ShaakClones,"Shaak Ti, Rex Echo (501st), Fives ARC Trooper",0
"Blackwing",,,75167,Iden Troopers,"Iden Versio, Shoretrooper Snowtrooper Magma G6, DT",0
"Blackwing",0,1,98674,BH,"Jango Dengar zZam Cad IG-88",0
"Blackwing",1,0,73606,zMaul,"Darth Maul, zDooku DN Sidious Savage",0
"Mushkela",1,0,123539,CLS,"zzzCLS zHan zzChewbacca C-3PO Chewpio",1
"Mushkela",,,111210,Grievous Omicron,"zzGG zB2 zB1 MagnaGuard zDroideka",1
"Mushkela",,,456226,Negotiator,"Negotiator HT Anakin's Eta-2, Umbaran SF, Ahsoka's SF, BTL-B Y-wing, Clone Sergeant's ARC-170, Plo's SF",1
"Mushkela",,,101899,Disintegration,"Aurra G9, Greef Boba Bossk The Mandalorian",1
"Mushkela",1,1,111840,GAS,"zzzzGAS zRex zEcho (501st), zzFives ARC Trooper",1
"Mushkela",1,1,120942,Revan,"zzzJKR BS G8, zGMY zJolee zGK",1
"Mushkela",1,1,78679,Ewoks,"zChirpa G9, Elder Paploo Wicket zLogray",1
"Mushkela",0,1,62259,Phoenix,"Hera G8, Ezra G8, Kanan G8, Zeb G8, Chopper G8",1
"Mushkela",1,0,116156,QGJ,"zQGJ Aayla zJKA zHYoda zAhsoka",1
"Mushkela",1,0,13774,SionSolo (Counter),"Sion G9",1
"Mushkela",1,0,12666,NestSolo (Counter),"Nest G9",1
"Mushkela",,,52448,Phasma,"Phasma G7, FOTP G6, FOO G8, KRU Kylo G7",0
"Mushkela",0,1,86777,Geonosians Omicron,"zGBA Sun Fac, Geo Soldier, Geo Spy, Poggle",0
"Mushkela",,,298442,HansMF,"Home One, Han's MF, Rebel Y-wing, Bistan's U-wing 6*, Phantom Ghost Cassian's U-wing, Biggs X-wing",0
"Mushkela",1,0,92901,Troopers,"zVeers zPiett Gideon Dark Trooper G9, Range Trooper G8",0
"Mushkela",,,77033,Nute-OR,"Nute Dooku Jango Zaalbar G7, Mission G4",0
"Mushkela",,,71744,Mon Mothma,"Mon Mothma G8, Lando zzCaptain Rex 4*, Biggs G8, Wedge G7",0
"Mushkela",1,1,52719,NS_Alt,"MT 6* G8, AV Talia G7, Merrin 6* G7, Daka G5",0
"Mushkela",1,1,107170,zEP,"EP zzVader Tarkin G8, TFP zzTraya",0
"Mushkela",,,47243,Iden Troopers,"Iden Versio G8, Stormtrooper G4, Snowtrooper G6, Magma G6, DT 5* G6",0
"Mushkela",,,96745,Bad Batch,"zHunter Echo G9, Omega G7, zTech zWrecker",0
"MasterSojo",,,118635,Phasma,"zPhasma FOTP FOSFTP FOST Kylo",1
"MasterSojo",1,1,138528,SL Kylo,"zzzzzSL Kylo, Sith Trooper, zHux zzKRU Thrawn G8",1
"MasterSojo",1,1,150371,GL Rey,"zzzzzzRey zJTR zBB-8 zRH Poe, zRH Finn",1
"MasterSojo",1,0,121129,CLS,"zzCLS zHan zChewbacca C-3PO Chewpio",1
"MasterSojo",,,113123,Grievous Omicron,"zGG B2 zB1 MagnaGuard zDroideka",1
"MasterSojo",0,1,92460,Geonosians Omicron,"zzGBA Sun Fac, Geo Soldier, Geo Spy, Poggle",1
"MasterSojo",,,456525,HansMF,"Home One, Han's MF, HT Ghost Phantom Biggs X-wing, Cassian's U-wing, Wedge X-wing",1
"MasterSojo",1,1,133589,GAS,"zzzzGAS zRex Echo (501st), zzFives zARC Trooper",1
"MasterSojo",1,1,130145,Revan,"zzzJKR BS zGMY zJolee zGK",1
"MasterSojo",1,1,88930,Ewoks,"zChirpa Elder zPaploo Scout zLogray",1
"MasterSojo",0,1,123323,BH,"zBossk Greef Cad Boba The Mandalorian",1
"MasterSojo",1,1,134281,zEP,"zzEP zzzVader Tarkin zBSF zMara Jade, The Emperor's Hand",1
"MasterSojo",0,1,107772,Phoenix,"Hera Kanan Zeb Sabine Captain Rex",1
"MasterSojo",1,0,97522,Wiggs,"Wedge Biggs Fulcrum Ezra Leia",1
"MasterSojo",1,0,76967,Jawas,"Nebit Jawa Engineer, Jawa Scavenger, Jawa G8, Dathcha",1
"MasterSojo",,,73545,Nute-OR,"Nute Dooku G9, Jango Zaalbar G7, Mission",0
"MasterSojo",1,1,58508,NS_Alt,"MT G9, AV Talia G8, Spirit G8, Daka",0
"MasterSojo",,,87085,Mon Mothma,"Mon Mothma G7, Lando Kyle Katarn, Scarif G9, Cara Dune",0
"MasterSojo",1,0,78054,Troopers,"zVeers Starck zPiett 5* Dark Trooper 5*, Gideon",0
"MasterSojo",1,1,45096,Rogue1,"Jyn 6* G8, Chirrut 6* G8, Baze 6* G8, K-2SO G8, Cassian G8",0
"MasterSojo",1,0,6630,SionSolo (Counter),"Sion G1",0
"alewis12",0,1,145437,padme,"zzPadme zGK zJKA zAhsoka zzC-3PO",1
"alewis12",0,1,120945,DRMalak,"zzzDR zzHK-47 zBSF zzMalak Sith Empire Trooper",1
"alewis12",,,130012,Grievous Omicron,"zzGG zB2 zB1 zMagnaGuard zDroideka",1
"alewis12",1,1,107225,NestSisters,"zzAV zzMT zDaka Zombie zNest",1
"alewis12",,,502180,Negotiator,"Negotiator HT Anakin's Eta-2, Umbaran SF, Ahsoka's SF, Clone Sergeant's ARC-170, Plo's SF, Rex's ARC-170",1
"alewis12",,,371570,HansMF,"Home One, Han's MF, Biggs X-wing, Bistan's U-wing, Phantom Ghost Cassian's U-wing, Wedge X-wing",1
"alewis12",1,0,112426,Traya,"zzTraya zDN zSion zDooku zzThrawn",1
"alewis12",1,1,103801,JTR,"zzzJTR Scav Rey, zzBB-8 zR2-D2 RT",1
"alewis12",1,1,138216,GAS,"zzzzGAS zRex zEcho (501st), zzFives zARC Trooper",1
"alewis12",1,1,127192,Revan Offense,"zzzJKR zGMY zBS zJolee zzHYoda",1
"alewis12",1,1,84634,Ewoks,"zChirpa Elder Paploo zWicket zLogray G8",1
"alewis12",0,1,104199,BH,"zzBossk zzJango Dengar G9, Greedo zBoba",1
"alewis12",1,1,93155,Carth,"zCarth Onasi, zMission zZaalbar zJuhani zCanderous",1
"alewis12",1,1,101543,zEP,"zEP zzzVader Tarkin DT TFP",1
"alewis12",0,1,81806,FO,"zKRU zKylo G9, zFOST G9, FOE FOO G9",1
"alewis12",1,0,112745,CLS,"zzzCLS zHan Wedge Biggs zzChewbacca",1
"alewis12",0,1,66530,Phoenix,"Hera G8, Ezra G8, Kanan G8, Zeb G8, Sabine G8",1
"alewis12",,,294448,Malevolence,"Malevolence Hyena Bomber 5*, Vulture Droid 5*, Sun Fac SF, Soldier SF, Spy SF",0
"alewis12",0,1,96315,Geonosians Omicron,"zzGBA Sun Fac, Geo Soldier, Geo Spy, Poggle",0
"alewis12",,,353582,Executrix,"Executrix Tie Adv, Emperor's Shuttle 5*, TIE Reaper 5*, Imperial TIE Fighter, Gauntlet Starfighter, FOSF TIE Fighter, FO TIE Fighter",0
"alewis12",,,75601,Mon Mothma,"Mon Mothma 4* G8, Pao G8, Chirrut G9, Jyn G8, Lando",0
"alewis12",1,0,73901,Troopers,"zVeers Starck Snowtrooper G9, Shoretrooper G8, Stormtrooper G8",0
"alewis12",,,63126,Bad Batch,"zHunter 4* G9, Echo 3* G9, Omega 6* G8, zTech 4* G9, zWrecker 5*",0
"alewis12",1,0,61056,Jawas,"Nebit G8, Jawa Engineer, Jawa Scavenger G7, Jawa G7, Dathcha G8",0
"OnyXavier",,,131017,SK,"zzEP zMara Jade, The Emperor's Hand, zzStarkiller zJuhani Visas",1
"OnyXavier",1,1,155408,SL Kylo,"zzzzzzSL Kylo, zSith Trooper, zHux zzKRU Thrawn",1
"OnyXavier",0,1,158828,DRMalak,"zzzDR HK-47 zBSF zzMalak Sith Empire Trooper",1
"OnyXavier",1,0,134353,CLS,"zzzCLS zHan zzChewbacca zC-3PO zChewpio",1
"OnyXavier",,,125988,Grievous Omicron,"zzGG zB2 zB1 MagnaGuard zDroideka",1
"OnyXavier",,,319161,Malevolence,"Malevolence Hyena Bomber, Vulture Droid, Sun Fac SF, Soldier SF, Spy SF",1
"OnyXavier",0,1,113599,Geonosians Omicron,"zzGBA Sun Fac, Geo Soldier, Geo Spy, Poggle",1
"OnyXavier",,,132372,JKL,"zzJKL zzzJKR zHYoda zzOld Ben, Ezra",1
"OnyXavier",,,451379,HansMF,"Home One, Han's MF, Rebel Y-wing, Ghost Phantom Biggs X-wing, Cassian's U-wing, Wedge X-wing",1
"OnyXavier",1,0,116806,Traya,"zzTraya zDN Sion Dooku Sith Assassin",1
"OnyXavier",1,1,145129,GAS,"zzzzGAS zRex zEcho (501st), zzFives zARC Trooper",1
"OnyXavier",1,1,78367,Ewoks,"zChirpa Elder Paploo G9, Wicket Logray G9",1
"OnyXavier",1,1,104720,Carth,"Carth Onasi, Mission Zaalbar zVandor Chewbacca, zCanderous",1
"OnyXavier",0,1,107161,BH,"zzBossk zJango Dengar G8, zGreef Boba",1
"OnyXavier",,,86006,Iden Troopers,"zIden Versio, Shoretrooper Snowtrooper Magma DT",1
"OnyXavier",0,1,117154,Phoenix,"zHera zKanan Zeb zSabine zzCaptain Rex",1
"OnyXavier",1,0,15819,NestSolo (Counter),"Nest",1
"OnyXavier",,,114511,Phasma,"Phasma FOTP FOSFTP zFOST Kylo",0
"OnyXavier",,,456802,Negotiator,"Negotiator HT Anakin's Eta-2, Umbaran SF, Ahsoka's SF, Clone Sergeant's ARC-170, Plo's SF, Rex's ARC-170",0
"OnyXavier",1,1,77843,NS,"MT G8, AV Daka G9, Zombie Spirit G9",0
"OnyXavier",,,394175,Executrix,"Executrix Tie Adv, Emperor's Shuttle 6*, TIE Reaper 3*, Imperial TIE Fighter, Gauntlet Starfighter 5*, FOSF TIE Fighter, FO TIE Fighter",0
"OnyXavier",1,0,77294,Troopers,"Veers Piett G9, Gideon G9, Dark Trooper G9, Range Trooper",0
"OnyXavier",,,89516,Mon Mothma,"Mon Mothma G9, Pao Lando Biggs Wedge",0
"OnyXavier",1,1,58405,Rogue1,"Jyn Chirrut 6* G8, Baze 6* G8, K-2SO G8, Cassian",0
"OnyXavier",0,1,132234,BS,"BS zGMY zJolee zGK zAhsoka",0
"Forsaken",1,0,148535,CLS,"zzzCLS zHan zzChewbacca zzC-3PO zChewpio",1
"Forsaken",0,1,112843,DRMalak,"zzzDR HK-47 zBSF zzMalak Sith Empire Trooper",1
"Forsaken",0,1,95731,Geonosians Omicron,"zzGBA Sun Fac, Geo Soldier, Geo Spy, Poggle",1
"Forsaken",,,418928,HansMF,"Home One, Han's MF, Rebel Y-wing 6*, Bistan's U-wing, Phantom Ghost Cassian's U-wing, Wedge X-wing",1
"Forsaken",,,102940,Mon Mothma,"zzMon Mothma, Hoth Rebel Scout, Biggs Wedge Cara Dune",1
"Forsaken",,,102074,Nute-OR,"zNute zDooku zJango zZaalbar zMission",1
"Forsaken",1,1,118471,Revan,"zzzJKR zBS zGMY zJolee zGK",1
"Forsaken",1,1,90860,Ewoks,"zChirpa Elder Paploo Wicket Logray",1
"Forsaken",0,1,91333,BH,"zBossk Dengar G9, Greef Cad Boba",1
"Forsaken",1,1,109954,zEP,"zzEP zzzVader Tarkin zIPD TFP G9",1
"Forsaken",1,0,104517,Wampa (Counter),"Rex zzWampa zHYoda zJyn FOO",1
"Forsaken",0,1,87066,Phoenix,"Hera Ezra Kanan zZeb Chopper",1
"Forsaken",1,0,12888,SionSolo (Counter),"Sion G9",1
"Forsaken",,,64240,Phasma,"Phasma FOTP FOSFTP G8, FOST 6* G9, Kylo G9",0
"Forsaken",,,77595,Grievous Omicron,"GG B2 B1 6* MagnaGuard Droideka",0
"Forsaken",,,313578,Negotiator,"Negotiator HT Anakin's Eta-2 5*, Umbaran SF, Ahsoka's SF, BTL-B Y-wing 4*, Clone Sergeant's ARC-170, Plo's SF",0
"Forsaken",1,1,106042,JTR,"JTR Scav Rey, BB-8 zzR2-D2 Finn",0
"Forsaken",1,1,70071,NS,"MT G9, zAV Daka G9, Zombie Spirit 5* G9",0
"Forsaken",1,0,80438,Troopers,"Veers Starck G9, Snowtrooper zIden Versio, Stormtrooper",0
"Forsaken",,,76295,Mando,"The Mandalorian (Beskar Armor) G9, Dash Rendar 5* G9, zNest 6* IG-11 Kuiil",0
"Forsaken",1,0,69676,ThrawnTroopers,"zThrawn Range Trooper 6*, DT 6* Shoretrooper G9, Piett 6* G9",0
"Smashburger",1,1,143528,SL Kylo,"zzzzzSL Kylo, zSith Trooper, zHux zKRU zThrawn",1
"Smashburger",1,1,162792,GL Rey,"zzzzzzRey zzzJTR zBB-8 Holdo RH Finn",1
"Smashburger",,,521822,Executor,"Executor 5* HT RC Xanadu Blood, Slave I, IG-2000 Imperial TIE Fighter, Tie Adv",1
"Smashburger",1,0,129946,CLS,"zzzCLS zHan zzChewbacca zC-3PO Chewpio",1
"Smashburger",,,117910,Grievous Omicron,"zzGG zB2 zB1 MagnaGuard zDroideka",1
"Smashburger",0,1,111014,DRMalak,"zzDR HK-47 BSF zzMalak Sith Marauder",1
"Smashburger",,,442137,Negotiator,"Negotiator BTL-B Y-wing, Anakin's Eta-2, Rex's ARC-170, Umbaran SF, Ahsoka's SF, Plo's SF, Clone Sergeant's ARC-170",1
"Smashburger",,,126348,JKL,"zzJKL zzzJKR zHYoda Old Ben, Ezra",1
"Smashburger",,,411941,HansMF,"Home One, Han's MF, Rebel Y-wing, Ghost Phantom Biggs X-wing, Cassian's U-wing, Wedge X-wing",1
"Smashburger",1,0,113171,Traya,"zzTraya DN Sion zEP Nest",1
"Smashburger",,,115205,Disintegration,"Aurra Greef Boba zzBossk The Mandalorian",1
"Smashburger",1,1,130253,GAS,"zzzzGAS zRex Echo (501st), zFives ARC Trooper",1
"Smashburger",1,1,78218,Ewoks,"zChirpa G9, Elder Paploo Wicket Logray",1
"Smashburger",0,1,101792,Phoenix,"Hera Kanan Zeb Sabine zCaptain Rex",1
"Smashburger",0,1,114311,BS,"zBS zGMY zJolee zGK zAhsoka",1
"Smashburger",,,118825,Phasma,"Phasma FOTP FOSFTP FOST zKylo",0
"Smashburger",1,1,109977,NS,"zzMT AV zDaka Zombie Spirit",0
"Smashburger",0,1,89588,Geonosians Omicron,"zGBA Sun Fac, Geo Soldier, Geo Spy, Poggle",0
"Smashburger",,,228305,Malevolence,"Malevolence 5* Hyena Bomber 5*, Vulture Droid 5*, Sun Fac SF, Soldier SF, Spy SF",0
"Smashburger",1,0,98452,Troopers,"Veers zPiett zGideon Dark Trooper G9, Range Trooper",0
"Smashburger",,,86071,Mon Mothma,"Mon Mothma G1, Lando Biggs Wedge Cara Dune",0
"Smashburger",,,83831,Nute-OR,"Nute Dooku G8, Jango Zaalbar Mission",0
"CT 2007",1,1,148109,GL Rey,"zzzzzRey zzJTR zBB-8 RH Poe, RH Finn",1
"CT 2007",0,1,113243,padme,"zzPadme zGK zJKA zAhsoka C-3PO",1
"CT 2007",,,409405,Negotiator,"Negotiator HT Anakin's Eta-2, Umbaran SF, Ahsoka's SF, Clone Sergeant's ARC-170, Jedi Consular's Starfighter, Plo's SF",1
"CT 2007",1,1,121512,Revan Offense,"zzzJKR zzGMY HYoda zJolee Ezra",1
"CT 2007",1,1,83975,Carth,"Carth Onasi, Mission Zaalbar Juhani Canderous",1
"CT 2007",0,1,124680,FO,"zzKRU Kylo FOST zHux FOE",1
"CT 2007",1,0,92965,Wiggs,"Wedge Biggs CLS Han Leia",1
"CT 2007",0,1,98239,Phoenix,"Hera Kanan Zeb Sabine Chopper",1
"CT 2007",,,101368,Grievous Omicron,"GG B2 zB1 MagnaGuard Droideka",0
"CT 2007",0,1,104890,DRMalak,"zzzDR HK-47 zBSF zzMalak Sith Empire Trooper 6* G9",0
"CT 2007",0,1,88662,Geonosians Omicron,"zGBA Sun Fac, Geo Soldier, Geo Spy, Poggle",0
"CT 2007",,,476893,Raddus,"Raddus 5* Sun Fac SF 4*, Rey's Millennium Falcon, Poe Dameron's X-wing, Resistance X-wing, Biggs X-wing, Wedge X-wing, Phantom Ghost",0
"CT 2007",,,104251,Disintegration,"Aurra 3* Greef Boba Bossk The Mandalorian",0
"CT 2007",1,0,84828,Traya,"Traya G8, DN 6* G8, Sion 2* G8, zDooku EP",0
"CT 2007",1,1,76762,GAS,"GAS 6* Rex Echo (501st), Fives ARC Trooper 5*",0
"CT 2007",1,1,56570,NS_Alt,"MT G8, AV Talia 6* G8, Spirit 6* G8, Daka 5* G9",0
"CT 2007",1,1,73279,Ewoks,"Chirpa Elder Paploo Wicket Logray",0
"CT 2007",1,0,39386,Troopers,"Veers 5* G8, Starck G7, Snowtrooper G8, Magma G7, Shoretrooper 6* G8",0
"CT 2007",1,1,33713,Rogue1,"Jyn 5* G8, Chirrut 5* G8, Baze 5* G8, K-2SO 5* G8, Cassian 5* G8",0
"EisOfSpades",,,123362,Phasma,"zPhasma zFOTP FOSFTP zFOST zKylo",1
"EisOfSpades",1,1,158907,SL Kylo,"zzzzzzSL Kylo, zSith Trooper, zHux zzKRU zThrawn",1
"EisOfSpades",1,1,164833,GL Rey,"zzzzzzRey zzzJTR zBB-8 zHoldo zRH Finn",1
"EisOfSpades",,,137884,SK,"zzEP zzMara Jade, The Emperor's Hand, zzStarkiller zzOld Ben, Visas",1
"EisOfSpades",,,574512,Executor,"Executor HT RC Xanadu Blood, Slave I, IG-2000 Imperial TIE Fighter, Tie Adv",1
"EisOfSpades",1,0,139044,CLS,"zzzCLS zHan zzChewbacca zC-3PO zChewpio",1
"EisOfSpades",0,1,122731,DRMalak,"zzzDR HK-47 zBSF zzMalak Sith Assassin",1
"EisOfSpades",,,385327,Negotiator,"Negotiator BTL-B Y-wing, Anakin's Eta-2, Rex's ARC-170, Umbaran SF, Ahsoka's SF, Plo's SF, Clone Sergeant's ARC-170",1
"EisOfSpades",0,1,99429,Geonosians Omicron,"zzGBA Sun Fac, Geo Soldier, Geo Spy, Poggle",1
"EisOfSpades",1,0,106903,Troopers,"zVeers zzPiett zGideon zDark Trooper, Range Trooper",1
"EisOfSpades",,,516065,Raddus,"Raddus 5* Sun Fac SF, Rey's Millennium Falcon, Poe Dameron's X-wing, Resistance X-wing, Biggs X-wing, Wedge X-wing, Phantom Ghost",1
"EisOfSpades",1,1,131373,Revan,"zzzJKR BS zGMY zJolee zGK",1
"EisOfSpades",1,1,86648,Ewoks,"zChirpa Elder Paploo Wicket Logray",1
"EisOfSpades",0,1,140862,BH,"zzBossk Dengar zGreef zBoba zThe Mandalorian",1
"EisOfSpades",1,1,105260,Carth,"Carth Onasi, zMission zZaalbar Juhani Canderous",1
"EisOfSpades",0,1,107050,Phoenix,"Hera Ezra Kanan Zeb Sabine",1
"EisOfSpades",1,0,24190,SionSolo (Counter),"zSion",1
"EisOfSpades",,,105359,Grievous Omicron,"GG B2 B1 MagnaGuard Droideka",0
"EisOfSpades",1,1,100913,NS,"MT AV Daka Zombie Spirit",0
"EisOfSpades",1,0,64163,ShaakClones,"Shaak Ti G9, Rex G7, Echo (501st) G1, Fives Clone Sergeant",0
"Jotar0Kujoh",1,1,159226,SL Kylo,"zzzzzzSL Kylo, zSith Trooper, zHux zzKRU Thrawn",1
"Jotar0Kujoh",,,170885,SEE,"zzzzzzSEE zBSF zzMalak zzzDR zzzVader",1
"Jotar0Kujoh",0,1,127937,padme,"zzPadme zGK zJKA zAhsoka zC-3PO",1
"Jotar0Kujoh",0,1,86029,Geonosians Omicron,"zGBA Sun Fac, Geo Soldier, Geo Spy, Poggle",1
"Jotar0Kujoh",,,482121,Negotiator,"Negotiator HT Anakin's Eta-2, Umbaran SF, Ahsoka's SF, Clone Sergeant's ARC-170, Plo's SF, Rex's ARC-170",1
"Jotar0Kujoh",0,1,101190,Grievous-Wat,"zzGG zB2 zB1 MagnaGuard zWat Tambor",1
"Jotar0Kujoh",1,1,138172,GAS,"zzzzGAS zRex Echo (501st), zzFives zARC Trooper",1
"Jotar0Kujoh",1,1,106936,Revan Offense,"zzzJKR zGMY zBS zJolee HYoda G9",1
"Jotar0Kujoh",0,1,131560,BH,"zzBossk zJango Dengar IG-88 zBoba",1
"Jotar0Kujoh",1,1,87907,Carth,"zCarth Onasi, zMission Zaalbar Juhani Canderous",1
"Jotar0Kujoh",1,0,125907,Troopers,"zVeers Starck zIden Versio, zzPiett Dark Trooper",1
"Jotar0Kujoh",0,1,73256,Phoenix,"Hera Ezra Kanan G9, Zeb G9, Sabine G8",1
"Jotar0Kujoh",1,0,123511,zMaul,"zDarth Maul, zDooku zSidious zSavage Sith Empire Trooper",1
"Jotar0Kujoh",,,123906,Phasma,"Phasma zFOTP FOSFTP zFOST zKylo",0
"Jotar0Kujoh",1,0,90606,CLS,"zzzCLS zHan zChewbacca R2-D2 G8, Chewpio 4*",0
"Jotar0Kujoh",1,1,76334,Ewoks,"Chirpa Elder Paploo Wicket Logray",0
"Jotar0Kujoh",1,0,111872,EP (Counter, Rebel),"zzEP Krennic DT 5* zzWampa Stormtrooper",0
"Coop",,,119537,Phasma,"zPhasma FOTP FOSFTP zFOST zKylo",1
"Coop",1,1,162239,SL Kylo,"zzzzzzSL Kylo, zSith Trooper, zHux zzKRU Thrawn",1
"Coop",,,141779,SEE,"zzzzzzSEE zBSF Malak zzzDR zzzVader",1
"Coop",,,174472,JMLS,"zzzJKR zzJKL zzzzzzJMLS zHYoda zzzzGAS",1
"Coop",1,0,146114,CLS,"zzzCLS zHan zzChewbacca zzC-3PO zChewpio",1
"Coop",,,413012,Negotiator,"Negotiator HT Anakin's Eta-2, Umbaran SF, Ahsoka's SF, BTL-B Y-wing 6*, Clone Sergeant's ARC-170, Plo's SF",1
"Coop",0,1,103827,Geonosians Omicron,"zzGBA Sun Fac, Geo Soldier, Geo Spy, Poggle",1
"Coop",,,437175,HansMF,"Home One, Han's MF, Rebel Y-wing, Ghost Phantom Biggs X-wing, Cassian's U-wing, Wedge X-wing",1
"Coop",0,1,125031,Grievous,"zzGG zB2 zDroideka zMagnaGuard zDooku",1
"Coop",,,93869,Mon Mothma,"Mon Mothma, Bistan Biggs Wedge Cara Dune",1
"Coop",1,1,93053,Ewoks,"zChirpa Elder Paploo zWicket zLogray",1
"Coop",1,1,103039,Carth,"zCarth Onasi, zMission zZaalbar zJuhani zCanderous",1
"Coop",0,1,104283,BH,"zBossk Jango Boushh (Leia Organa), Greef Boba",1
"Coop",1,0,113567,501st,"zRex zARC Trooper, zEcho (501st), zzFives zAhsoka",1
"Coop",1,0,112920,Troopers,"zVeers zStarck zScout Trooper, zzPiett DT",1
"Coop",0,1,86600,Phoenix,"Hera Ezra Kanan Zeb Captain Rex",1
"Coop",1,0,86074,Jawas,"Nebit Jawa Engineer, Jawa Scavenger, Jawa Dathcha",1
"Coop",,,293400,Malevolence,"Malevolence Hyena Bomber 6*, Vulture Droid 5*, Sun Fac SF, Soldier SF, Spy SF",0
"Coop",1,1,89816,JTR,"JTR zzR2-D2 BB-8 G9, RH Finn 6* G5, RH Poe G8",0
"Coop",1,1,83115,NS,"MT zAV Daka Zombie G9, Spirit G9",0
"Coop",,,436732,Executrix,"Executrix Tie Adv, Emperor's Shuttle, TIE Reaper 6*, Imperial TIE Fighter, Gauntlet Starfighter, FOSF TIE Fighter, FO TIE Fighter",0
"Coop",1,0,78914,Traya,"Traya DN G8, Sion G1, zEP Nest G7",0
"Coop",1,1,66326,Rogue1,"Jyn Chirrut G2, Baze G8, K-2SO Cassian G9",0
"Coop",0,1,119312,BS,"BS zzGMY zJolee zGK JKA",0
"Emeda",,,534444,Executor,"Executor HT RC Xanadu Blood, Slave I, IG-2000 Imperial TIE Fighter, Tie Adv",1
"Emeda",1,0,121865,CLS,"zzzCLS zHan zChewbacca C-3PO zChewpio",1
"Emeda",0,1,115503,DRMalak,"zzzDR HK-47 G9, zBSF zzMalak Thrawn",1
"Emeda",0,1,89116,Geonosians Omicron,"zGBA Sun Fac, Geo Soldier, Geo Spy, Poggle",1
"Emeda",,,127007,JKL,"zzJKL zzzJKR zHYoda Old Ben, Ezra",1
"Emeda",1,1,63068,Ewoks,"zChirpa G9, Elder Paploo G9, Wicket G8, Logray G9",1
"Emeda",0,1,132127,BH,"zBossk Dengar zGreef Boba zThe Mandalorian",1
"Emeda",1,1,90339,Carth,"Carth Onasi, Mission Zaalbar Juhani Canderous",1
"Emeda",1,1,121200,zEP,"zEP zzVader Tarkin G9, TFP zSith Trooper",1
"Emeda",0,1,131350,FO,"zKRU zKylo zFOST zHux FOE",1
"Emeda",0,1,99314,Phoenix,"Hera Kanan Zeb Sabine zCaptain Rex",1
"Emeda",1,1,103319,NS,"zMT AV zDaka Zombie Spirit",0
"Emeda",0,1,70513,padme,"Padme G8, GK G7, JKA Ahsoka Fives G8",0
"Emeda",,,383922,HansMF,"Home One, Han's MF, Rebel Y-wing 6*, Ghost Phantom Biggs X-wing, Cassian's U-wing, Wedge X-wing",0
"Emeda",1,0,87308,Troopers,"zVeers zPiett Gideon G8, Dark Trooper G9, Range Trooper G8",0
"Emeda",0,1,74907,BH,"Jango G7, Fennec Shand G8, Boushh (Leia Organa) G6, Cad IG-88",0
"Emeda",1,0,8863,SionSolo (Counter),"Sion G7",0
"Peu Trid",,,611126,Executor,"Executor HT RC Xanadu Blood, Slave I, IG-2000 Imperial TIE Fighter, Tie Adv",1
"Peu Trid",1,0,152054,CLS,"zzzCLS zHan zzChewbacca zzC-3PO zChewpio",1
"Peu Trid",0,1,112056,Geonosians Omicron,"zzGBA Sun Fac, Geo Soldier, Geo Spy, Poggle",1
"Peu Trid",,,473470,HansMF,"Home One, Han's MF, Biggs X-wing, Bistan's U-wing, Phantom Ghost Cassian's U-wing, Wedge X-wing",1
"Peu Trid",1,1,129555,Revan,"zzzJKR BS zGMY zJolee zGK",1
"Peu Trid",1,1,107419,Ewoks,"zChirpa Elder zPaploo zWicket zLogray",1
"Peu Trid",0,1,147803,BH,"zzBossk zDengar Cad zIG-88 zBoba",1
"Peu Trid",1,1,89824,Carth,"Carth Onasi, zMission zZaalbar Juhani Canderous",1
"Peu Trid",1,1,132078,zEP,"zzEP zzzVader Tarkin TFP zzMara Jade, The Emperor's Hand",1
"Peu Trid",1,0,125800,Troopers,"zVeers zStarck zzPiett zDark Trooper, zGideon",1
"Peu Trid",0,1,96204,Phoenix,"zHera zEzra zKanan zZeb Chopper",1
"Peu Trid",0,1,94524,FO,"zzKRU zKylo FOSFTP zFOTP FOO",1
"Peu Trid",,,101362,Bad Batch,"zHunter zEcho zzOmega zTech zWrecker",1
"Peu Trid",,,305680,Negotiator,"Negotiator BTL-B Y-wing, Anakin's Eta-2, Rex's ARC-170 3*, Umbaran SF 5*, Ahsoka's SF, Plo's SF, Clone Sergeant's ARC-170",0
"Peu Trid",1,1,53336,NS_Alt,"MT 5* G9, AV G9, Zombie 6* G9, Merrin 5* G9, Daka G9",0
"Bills Mafia",0,1,120521,DRMalak,"zzzDR HK-47 zBSF zzMalak Sith Empire Trooper",1
"Bills Mafia",0,1,116740,padme,"zzPadme zGK JKA Ahsoka zzC-3PO",1
"Bills Mafia",1,0,112975,CLS,"zzzCLS zHan zzChewbacca R2-D2 zChewpio",1
"Bills Mafia",0,1,103705,Geonosians Omicron,"zzGBA Sun Fac, Geo Soldier, Geo Spy, Poggle",1
"Bills Mafia",0,1,116448,Grievous-Wat,"zzGG B2 zB1 G9, MagnaGuard zWat Tambor",1
"Bills Mafia",,,110721,Disintegration,"Aurra zzGreef zBoba zzBossk The Mandalorian",1
"Bills Mafia",1,1,113575,Revan Offense,"zzzJKR zGMY zBS Jolee Ezra",1
"Bills Mafia",1,1,91721,Ewoks,"zChirpa Elder zPaploo zWicket zLogray",1
"Bills Mafia",1,1,99453,Carth,"zCarth Onasi, zMission zZaalbar Juhani Canderous",1
"Bills Mafia",1,1,119893,zEP,"zzEP zzzVader Tarkin IPD zzMara Jade, The Emperor's Hand",1
"Bills Mafia",0,1,74516,Phoenix,"Hera Kanan Zeb G9, Chopper Captain Rex G9",1
"Bills Mafia",1,1,77310,Rogue1,"Jyn Chirrut Baze K-2SO Cassian",1
"Bills Mafia",,,106217,Phasma,"Phasma FOTP FOSFTP FOST Kylo",0
"Bills Mafia",,,375459,Negotiator,"Negotiator HT Anakin's Eta-2, Umbaran SF, Ahsoka's SF, Clone Sergeant's ARC-170, Jedi Consular's Starfighter, Plo's SF",0
"Bills Mafia",,,294458,HansMF,"Home One, Han's MF, Biggs X-wing, Bistan's U-wing 5*, Phantom Ghost Cassian's U-wing, Wedge X-wing",0
"Bills Mafia",1,0,71961,Troopers,"Veers Piett Gideon Dark Trooper G9, Range Trooper G1",0
"Bills Mafia",1,1,49698,NS_Alt,"MT G8, AV G8, Talia G8, Spirit G8, Daka G8",0
"Bills Mafia",1,0,85676,ShaakClones,"Shaak Ti, Rex G8, Echo (501st) G8, Fives Clone Sergeant",0
"Bills Mafia",0,1,96292,BH,"Jango Zam G9, Greedo Cad IG-88 G9",0
"mar5hmn9",,,131709,Grievous Omicron,"zzGG zB2 zB1 zMagnaGuard zDroideka",1
"mar5hmn9",0,1,122722,padme,"zzPadme zGK zJKA zAhsoka C-3PO",1
"mar5hmn9",0,1,124088,DRMalak,"zzzDR HK-47 zBSF zzMalak zThrawn",1
"mar5hmn9",,,430226,Negotiator,"Negotiator 6* BTL-B Y-wing, Anakin's Eta-2, Rex's ARC-170, Umbaran SF, Ahsoka's SF, Plo's SF, Clone Sergeant's ARC-170",1
"mar5hmn9",0,1,93716,Geonosians Omicron,"zzGBA Sun Fac, Geo Soldier, Geo Spy, Poggle",1
"mar5hmn9",1,0,114671,Traya,"zzTraya zDN zSion Dooku zzEP",1
"mar5hmn9",1,1,157976,GAS,"zzzzGAS zRex zEcho (501st), zzFives zARC Trooper",1
"mar5hmn9",1,1,118407,Revan Offense,"zzzJKR zzGMY zBS zJolee zzHYoda",1
"mar5hmn9",1,1,77247,Ewoks,"zChirpa Elder Paploo Wicket Logray",1
"mar5hmn9",1,1,95024,Carth,"zCarth Onasi, zMission zZaalbar Juhani Canderous",1
"mar5hmn9",0,1,119017,FO,"zzKRU Kylo zFOST zHux FOE",1
"mar5hmn9",0,1,58524,Phoenix,"Hera G9, Ezra G8, Kanan G8, Zeb G8, Chopper G8",1
"mar5hmn9",1,1,59039,NS_Alt,"MT G8, zAV Talia G8, Spirit G8, Daka G8",0
"mar5hmn9",0,1,93909,BH,"Bossk Embo Zam Greedo G8, Boba G8",0
"mar5hmn9",1,0,42931,Troopers,"Veers G8, Starck G1, Snowtrooper G8, Stormtrooper G8, DT 6* G8",0
"mar5hmn9",1,1,52012,Rogue1,"Jyn Chirrut 6* G8, Baze 6* G8, K-2SO G9, Cassian G9",0
"Kate",,,122334,Phasma,"zPhasma zFOTP FOSFTP zFOST zKylo",1
"Kate",1,1,152157,SL Kylo,"zzzzzzSL Kylo, zSith Trooper, zHux zzKRU Thrawn",1
"Kate",1,0,131514,CLS,"zzzCLS zHan zzChewbacca zC-3PO zChewpio",1
"Kate",0,1,115558,DRMalak,"zzzDR HK-47 zBSF zzMalak Sith Empire Trooper",1
"Kate",,,117061,Grievous Omicron,"zzGG zB2 zB1 zMagnaGuard zDroideka",1
"Kate",0,1,89759,Geonosians Omicron,"zGBA Sun Fac, Geo Soldier, Geo Spy, Poggle",1
"Kate",,,323724,HansMF,"Home One, Han's MF, Rebel Y-wing, Ghost Phantom Biggs X-wing, Cassian's U-wing, Wedge X-wing",1
"Kate",1,1,133630,GAS,"zzzzGAS zRex zEcho (501st), zzFives zARC Trooper",1
"Kate",1,1,118603,Revan,"zzzJKR BS GMY zJolee zGK",1
"Kate",1,1,83039,Ewoks,"zChirpa Elder Paploo Wicket Logray",1
"Kate",1,1,85100,Carth,"Carth Onasi, Mission Zaalbar Juhani Canderous",1
"Kate",0,1,90511,BH,"zBossk Jango Greef Boba The Mandalorian",1
"Kate",0,1,71630,Phoenix,"Hera G9, Ezra Kanan G8, Zeb G9, Sabine",1
"Kate",1,0,18087,SionSolo (Counter),"Sion",1
"Kate",,,371828,Negotiator,"Negotiator BTL-B Y-wing 5*, Anakin's Eta-2, Rex's ARC-170, Umbaran SF, Ahsoka's SF, Plo's SF, Clone Sergeant's ARC-170",0
"Kate",1,1,98024,zEP,"zEP zzVader Tarkin G7, Traya DN",0
"Kate",1,0,87403,Troopers,"Veers Starck Piett Dark Trooper, Gideon",0
"MrTomChase24",,,122437,Phasma,"zPhasma zFOTP FOSFTP zFOST zKylo",1
"MrTomChase24",1,1,162656,SL Kylo,"zzzzzzSL Kylo, zSith Trooper, zHux zzKRU zThrawn",1
"MrTomChase24",,,141220,SK,"zzEP zzMara Jade, The Emperor's Hand, zzStarkiller zzOld Ben, zVisas",1
"MrTomChase24",0,1,130596,DRMalak,"zzzDR HK-47 zBSF zzMalak Sith Empire Trooper",1
"MrTomChase24",1,0,133039,CLS,"zzzCLS zHan zzChewbacca zzC-3PO zChewpio",1
"MrTomChase24",,,123745,Grievous Omicron,"zzGG zB2 zB1 MagnaGuard zDroideka",1
"MrTomChase24",,,453964,Negotiator,"Negotiator HT Anakin's Eta-2, Umbaran SF, Ahsoka's SF, BTL-B Y-wing, Clone Sergeant's ARC-170, Plo's SF",1
"MrTomChase24",,,320755,Malevolence,"Malevolence Hyena Bomber, Vulture Droid, Sun Fac SF, Soldier SF, Spy SF",1
"MrTomChase24",0,1,107332,Geonosians Omicron,"zGBA Sun Fac, Geo Soldier, Geo Spy, Poggle",1
"MrTomChase24",,,427199,HansMF,"Home One, Han's MF, Rebel Y-wing, Bistan's U-wing, Phantom Ghost Cassian's U-wing, Wedge X-wing",1
"MrTomChase24",1,0,117259,Traya,"zzTraya zDN zSion zDooku Nest",1
"MrTomChase24",1,1,139233,GAS,"zzzzGAS zRex zEcho (501st), zzFives zARC Trooper",1
"MrTomChase24",1,1,117999,Revan,"zzzJKR BS zzGMY zJolee zGK",1
"MrTomChase24",1,1,87171,Ewoks,"zChirpa Elder Paploo Wicket Logray",1
"MrTomChase24",0,1,134049,BH,"zzBossk Dengar Greef IG-88 zBoba",1
"MrTomChase24",1,1,86148,Carth,"Carth Onasi, Mission Zaalbar Juhani Canderous",1
"MrTomChase24",1,0,106739,Troopers,"zVeers Starck Range Trooper, zzPiett zDark Trooper",1
"MrTomChase24",0,1,103366,Phoenix,"Hera Ezra Kanan Zeb Sabine",1
"MrTomChase24",,,67805,Admiral Raddus,"Admiral Raddus G9, Cassian G7, Jyn G7, K-2SO G7, Bistan",0
"MrTomChase24",1,1,102011,NS,"zMT AV Daka Zombie Spirit",0
"MrTomChase24",,,422250,Executrix,"Executrix Tie Adv, Emperor's Shuttle, TIE Reaper 6*, Imperial TIE Fighter, Gauntlet Starfighter, FOSF TIE Fighter, FO TIE Fighter",0
"MrTomChase24",,,92258,Mon Mothma,"Mon Mothma G9, Lando Biggs Wedge Cara Dune",0
"MrTomChase24",,,58997,Bad Batch,"Hunter G9, Echo G8, Omega G2, Tech G9, Wrecker G8",0
"MrTomChase24",1,0,84825,QGJ,"QGJ G2, Aayla G2, zJKA HYoda zAhsoka",0
"Edryynn",1,1,167488,GL Rey,"zzzzzzRey zzzJTR zBB-8 zRH Poe, zRH Finn",1
"Edryynn",0,1,127063,padme,"zzPadme zGK zJKA zAhsoka zC-3PO",1
"Edryynn",1,0,96126,CLS,"zzzCLS zHan zChewbacca R2-D2 G8, Chewpio",1
"Edryynn",0,1,110778,Geonosians Omicron,"zzGBA Sun Fac, Geo Soldier, Geo Spy, Poggle",1
"Edryynn",,,426461,Negotiator,"Negotiator HT Anakin's Eta-2, Umbaran SF, Ahsoka's SF, Clone Sergeant's ARC-170, Jedi Consular's Starfighter, Plo's SF",1
"Edryynn",0,1,128988,BH,"zBossk Jango zGreef Boba zThe Mandalorian",1
"Edryynn",1,1,113982,zEP,"zzEP zzzVader Tarkin G8, TFP zMara Jade, The Emperor's Hand",1
"Edryynn",0,1,124367,FO,"zzKRU Kylo FOST zHux FOE",1
"Edryynn",0,1,115623,Phoenix,"zHera Ezra Zeb zSabine zzCaptain Rex",1
"Edryynn",1,1,51540,Rogue1,"Jyn G8, Chirrut G8, Baze G8, K-2SO G8, Cassian G8",1
"Edryynn",,,100375,Grievous Omicron,"GG B2 B1 MagnaGuard Droideka",0
"Edryynn",,,364353,HansMF,"Home One, Han's MF, Rebel Y-wing 6*, Bistan's U-wing 5*, Phantom Ghost Cassian's U-wing, Wedge X-wing",0
"Edryynn",1,1,101828,NS,"MT AV Daka Zombie Spirit",0
"Edryynn",1,1,103014,Ewoks,"Chirpa Elder Paploo Wicket Logray",0
"Edryynn",1,0,89798,ShaakClones,"Shaak Ti, Rex Echo (501st) G8, Fives Clone Sergeant",0
"Edryynn",1,1,75015,Carth,"Carth Onasi, Mission G6, Zaalbar G6, zVandor Chewbacca, Canderous",0
"Edryynn",1,0,57881,Troopers,"Veers G8, Starck G6, Piett Dark Trooper G7, Gideon G7",0
"Edryynn",1,0,53805,Thragma (Counter),"Thrawn Magma G7, DT G8, Stormtrooper G8, Shoretrooper G8",0
"TChewy",1,1,145217,SL Kylo,"zzzzzzSL Kylo, zSith Trooper, zHux zzKRU Thrawn G9",1
"TChewy",0,1,110346,Geonosians Omicron,"zzGBA Sun Fac, Geo Soldier, Geo Spy, Poggle",1
"TChewy",1,1,96571,Ewoks,"zChirpa Elder Paploo Wicket Logray",1
"TChewy",1,1,101960,zEP,"zzEP zVader Tarkin G8, TFP G8, zMara Jade, The Emperor's Hand",1
"TChewy",0,1,97026,Phoenix,"Hera Ezra Kanan Zeb Sabine",1
"TChewy",1,0,85954,Wiggs,"Wedge Biggs CLS Han Leia",1
"TChewy",1,0,94170,JTR Holdo (Counter),"JTR BB-8 R2-D2 G9, C-3PO G9, Holdo",1
"TChewy",,,113024,Phasma,"Phasma FOTP FOSFTP zFOST Kylo",0
"TChewy",,,107938,Grievous Omicron,"GG B2 B1 MagnaGuard Droideka",0
"TChewy",,,369401,Negotiator,"Negotiator HT Anakin's Eta-2, Umbaran SF, Ahsoka's SF, Clone Sergeant's ARC-170, Jedi Consular's Starfighter 5*, Plo's SF",0
"TChewy",1,1,98648,NS,"MT AV Daka Zombie Spirit",0
"TChewy",,,473183,Raddus,"Raddus 5* Sun Fac SF 6*, Rey's Millennium Falcon, Poe Dameron's X-wing, Resistance X-wing, Biggs X-wing, Wedge X-wing, Phantom Ghost",0
"TChewy",1,0,70847,ShaakClones,"Shaak Ti, Rex 5* G8, Echo (501st) 5* G8, Fives Clone Sergeant",0
"TChewy",0,1,117735,BH,"Bossk Jango Greef Boba The Mandalorian",0
"TChewy",1,0,46758,Troopers,"Veers 5* G8, Starck G9, Snowtrooper G8, Stormtrooper G8, DT 5* G8",0
"TChewy",1,1,33713,Rogue1,"Jyn 5* G8, Chirrut 5* G8, Baze 5* G8, K-2SO 5* G8, Cassian 5* G8",0
"TChewy",0,1,76366,BS,"BS 5* G8, GMY G8, JKA GK Ahsoka",0
"DarthMittens",1,1,155403,SL Kylo,"zzzzzzSL Kylo, Sith Trooper, zHux zzKRU zThrawn",1
"DarthMittens",1,1,155013,GL Rey,"zzzzzzRey zJTR zBB-8 Holdo RH Finn",1
"DarthMittens",1,1,111806,NS,"zzMT zAV Daka Zombie Spirit",1
"DarthMittens",1,0,134265,CLS,"zzzCLS zHan zzChewbacca C-3PO Chewpio",1
"DarthMittens",0,1,112145,padme,"zzPadme zGK zJKA zAhsoka CW Chewbacca G8",1
"DarthMittens",,,462258,Negotiator,"Negotiator HT Anakin's Eta-2, Umbaran SF, Ahsoka's SF, Clone Sergeant's ARC-170, Jedi Consular's Starfighter, Plo's SF",1
"DarthMittens",0,1,132470,Grievous,"zzGG zB2 zB1 zDroideka Dooku",1
"DarthMittens",1,1,141063,GAS,"zzzzGAS zRex Echo (501st), zzFives ARC Trooper",1
"DarthMittens",1,1,109203,Ewoks,"zChirpa Elder Paploo zWicket Logray",1
"DarthMittens",0,1,128294,BH,"zzBossk zJango Dengar zGreef zBoba",1
"DarthMittens",1,1,127536,zEP,"zzEP zzzVader Tarkin IPD zMara Jade, The Emperor's Hand",1
"DarthMittens",1,0,89129,Troopers,"zVeers Starck Shoretrooper zPiett DT",1
"DarthMittens",0,1,97777,Phoenix,"Hera Ezra Kanan Zeb Sabine",1
"DarthMittens",0,1,104251,BS,"zBS zzGMY Jolee Old Ben, zHYoda",1
"DarthMittens",,,113402,Phasma,"Phasma FOTP FOSFTP FOST Kylo",0
"DarthMittens",0,1,110786,Geonosians Omicron,"zzGBA Sun Fac, Geo Soldier, Geo Spy, Poggle",0
"DarthMittens",,,412027,HansMF,"Home One, Han's MF, Biggs X-wing, Bistan's U-wing 4*, Phantom Ghost Cassian's U-wing, Wedge X-wing",0
"DarthMittens",1,0,53550,Traya,"Traya G1, DN Sion 4* G9, BSF G8, Sith Empire Trooper 5* G8",0
"DarthMittens",1,1,71360,Carth,"Carth Onasi, Mission G8, Zaalbar G8, Juhani G9, Canderous 4*",0
"DarthMittens",1,1,54117,Rogue1,"Jyn G8, Chirrut 5* G8, Baze 5* G8, K-2SO G8, Cassian G9",0
